{
    "name": "Острый парапроктит",
    "url": "https://cr.minzdrav.gov.ru/schema/185_2",
    "classification": [
        "K61"
    ],
    "approval_year": "2021",
    "age_category": "Взрослые",
    "revision_no_later": "2023",
    "id": "185",
    "clinical_guideline_developers": [
        "Общероссийская общественная организация \"Ассоциация колопроктологов России\""
    ],
    "content": [
        "Список сокращений",
        "Термины и определения",
        "1. Краткая информация по заболеванию или состоянию (группы заболеваний или состояний)",
        "1.1 Определение заболевания или состояния (группы заболеваний или состояний)",
        "1.2 Этиология и патогенез заболевания или состояния (группы заболеваний или состояний)",
        "1.3 Эпидемиология заболевания или состояния (группы заболеваний или состояний)",
        "1.4 Особенности кодирования заболевания или состояния (группы заболеваний или состояний) по Международной статической класификации болезней и проблем, связанных со здоровьем",
        "1.5 Классификация заболевания или состояния (группы заболеваний или состояний)",
        "1.6 Клиническая картина заболевания или состояния (группы заболеваний или состояний)",
        "2. Диагностика заболевания или состояния (группы заболеваний или состояний) медицинские показания и противопоказания к применению методов диагностики",
        "2.1 Жалобы и анамнез",
        "2.2 Физикальное обследование",
        "2.3 Лабораторные диагностические исследования",
        "2.4 Инструментальные диагностические исследования",
        "2.5 Иные диагностические исследования",
        "3. Лечение, включая медикаментозную и немедикаментозную терапии, диетотерапию, обезболивание, медицинские показания и противопоказания к применению методов лечения",
        "4. Медицинская реабилитация, медицинские показания и противопоказания к применению методов реабилитации",
        "5. Профилактика и диспансерное наблюдение, медицинские показания и противопоказания к применению методов профилактики",
        "6. Организация оказания медицинской помощи",
        "7. Дополнительная информация (в том числе факторы, влияющие на исход заболевания или состояния)",
        "Критерии оценки качества медицинской помощи",
        "Список литературы",
        "Приложение А1. Состав рабочей группы по разработке и пересмотру клинических рекомендаций",
        "Приложение А2. Методология разработки клинических рекомендаций",
        "Приложение А3. Справочные материалы, включая соответствие показаний к применению и противопоказаний, способов применения и доз лекарственных препаратов, инструкции по применению лекарственного препарата",
        "Приложение Б. Алгоритмы действий врача",
        "Приложение В. Информация для пациента",
        "Приложение Г1-ГN. Шкалы оценки, вопросники и другие оценочные инструменты состояния пациента, приведенные в клинических рекомендациях"
    ],
    "full_text": [
        {
            "name": "Список сокращений",
            "text": "ВЗК – воспалительные заболевания кишечника\nЗАПК – запирательный аппарат прямой кишки\nКТ – компьютерная томография малого таза\nМРТ – магнитно-резонансная томография органов малого таза\nОП - острый парапроктит\nСЗП - свищ заднего прохода\nТРУЗИ – трансректальное ультразвуковое исследование"
        },
        {
            "name": "Термины и определения",
            "text": "Свищ заднего прохода (СЗП) – это патологический ход между анальным каналом и окружающими его тканями и/или органами и/или перианальной кожей.\nМорганиевы крипты – это небольшие углубления между продольными складками слизистой (Морганиевыми колоннами), находятся непосредственно над гребешковой или зубчатой линией, располагающейся в верхнем отделе анального канала.\nАнаэробный парапроктит – это парапроктит, вызванный клостридиями, отличается чрезвычайно тяжелым течением."
        },
        {
            "name": "1. Краткая информация по заболеванию или состоянию (группы заболеваний или состояний)",
            "text": ""
        },
        {
            "name": "1.1 Определение заболевания или состояния (группы заболеваний или состояний)",
            "text": "Острый парапроктит (ОП) – острое воспаление околопрямокишечной клетчатки, обусловленное распространением воспалительного процесса из анальных крипт и анальных желез [1-3]. Под термином ОП понимают острый гнойно-воспалительный процесс, причинами которого являются аэробные бактерии. Анаэробный парапроктит является отдельным жизненно опасным заболеванием, сопровождающимся высоким уровнем летальности, требующим совершенно иных диагностических и лечебных подходов, чем острый аэробный парапроктит и, в данных клинических рекомендациях, не рассматривается."
        },
        {
            "name": "1.2 Этиология и патогенез заболевания или состояния (группы заболеваний или состояний)",
            "text": "Чаще всего в практике встречается криптогенный парапроктит (около 90%), реже встречаются парапроктиты как осложнение других заболеваний, таких как ВЗК, опухоли, кисты таза, тератомы, травмы и лучевые поражения. Развитие ОП обусловлено рядом предрасполагающих факторов: ослабление иммунитета вследствие сопутствующей острой или хронической инфекции, нарушения микроциркуляции, желудочно-кишечные расстройства, осложнения геморроя, трещин, криптита [1-3]."
        },
        {
            "name": "1.3 Эпидемиология заболевания или состояния (группы заболеваний или состояний)",
            "text": "ОП является самым распространенным заболеванием в практике неотложной проктологии. Пациенты этой группы составляют около 1% всех госпитализированных в различные стационары хирургического профиля и 5% среди страдающих заболеваниями ободочной и прямой кишок [4,5]. В целом, частота развития острого парапроктита составляет 16,1-20,2 на 100 тысяч населения [6,7]."
        },
        {
            "name": "1.4 Особенности кодирования заболевания или состояния (группы заболеваний или состояний) по Международной статической класификации болезней и проблем, связанных со здоровьем",
            "text": "Коды по МКБ-10\nКласс – Болезни органов пищеварения (XI).\nБлок – Абсцесс заднего прохода и прямой кишки (К61).\nКод :\nK61.0 Анальный [заднепроходный] абсцесс\nK61.1 - Ректальный абсцесс\nK61.2 - Аноректальный абсцесс\nK61.3- Ишиоректальный абсцесс\nK61.4 - Интрасфинктерный абсцесс"
        },
        {
            "name": "1.5 Классификация заболевания или состояния (группы заболеваний или состояний)",
            "text": "По локализации поражения относительно анатомических образований:\nа) подкожный;\nб) подслизистый;\nв) межмышечный;\nг) ишиоанальный;\nд) тазово-прямокишечный:\n- пельвиоректальный;\n- ретроректальный;\nПо локализации воспалительного очага по условному циферблату:\nа) задний (c 4 до 8 часов условного циферблата)\nб) передний (с 10 до 2 часов условного циферблата)\nв) боковой (с 8 до 10 часов условного циферблата или с 2 до 4 часов условного циферблата)\nг) подковообразный (при распространении воспаления более чем на одну зону из указанных выше)\nПо характеру гнойного хода (при его интраоперационном выявлении):\nа) интрасфинктерный;\nб) транссфинктерный;\nв) экстрасфинктерный."
        },
        {
            "name": "1.6 Клиническая картина заболевания или состояния (группы заболеваний или состояний)",
            "text": "Клиническая картина зависит от выраженности, локализации и распространенности воспалительного процесса. При подкожном парапроктите образуется плотный инфильтрат в перианальной области с гиперемией кожи над ним, болезненный при пальпации, возможно с участком флюктуации. Боль усиливается при дефекации, в положении сидя, при кашле и ходьбе. Симптомы интоксикации отсутствуют.\nПодслизистый парапроктит проявляется болью при дефекации, повышением температуры до субфебрильной, симптомы интоксикации отсутствуют.\nПри ишиоанальном парапроктите, кроме боли обнаруживается асимметрия ягодиц, гиперемия кожи проявляется отсрочено на 5-6 сутки.\nПельвиоректальный парапроктит имеет наиболее тяжелое течение, на первый план выходят симптомы интоксикации (недомогание, слабость, расстройство сна, выраженная потливость в ночное время, озноб, фебрильная температура, головные боли, головокружение). Боли нелокализованные в гипогастральной области. Неопределённая симптоматика в среднем продолжается до 12 суток, далее возникает дискомфорт и боли в анальном канале при дефекации, затруднение опорожнения, затруднение мочеиспускания, боли в нижней конечности на стороне ОП по ходу нервов. При пальпации у мужчин может чувствоваться позыв к мочеиспусканию вследствие прилежания инфильтрата к уретре [1,8]."
        },
        {
            "name": "2. Диагностика заболевания или состояния (группы заболеваний или состояний) медицинские показания и противопоказания к применению методов диагностики",
            "text": "Критерии установления диагноза/состояния - на основании данных клинического обследования и, при необходимости, инструментального обследования.\nПри затруднениях при постановке диагноза дифференциальная диагностика проводится с такими заболеваниями как:\nгнойно-воспалительные заболевания кожи промежности, крестцово-копчиковой и ягодичной области; бартолинит; пресакральные кисты с воспалительным компонентом; травмы перианальной области; тератомы; анаэробный парапроктит; опухоли прямой кишки; болезнь Крона, ВЗК; дивертикулярная болезнь, осложненная абсцессом; осложнения лучевой терапии.\nРедкие причины ОП: сифилис, туберкулез, нейтропения, актиномикоз.\nПринципы формирования диагноза.\nПри формулировке диагноза следует отразить локализацию воспалительного процесса. Ниже приведены примеры формулировок диагноза:\nОстрый передний подковообразный парапроктит. Острый пельвиоректальный парапроктит. Острый ретроректальный парапроктит."
        },
        {
            "name": "2.1 Жалобы и анамнез",
            "text": "Характерные жалобы: дискомфорт и/или боли в области заднего прохода и промежности, усиливающиеся по мере прогрессирования воспалительного процесса, наличие воспалительного инфильтрата в мягких тканях перианальной области, промежности или ягодичной области, затруднение дефекации и\\или мочеиспускания.\nВ анамнезе заболевания возможны:\nослабление иммунитета вследствие сопутствующей острой или хронической инфекции, переохлаждение, сосудистые изменения вследствие сахарного диабета, желудочно-кишечные расстройства (запоры и\\или диарея), криптит, предыдущие аноректальные или промежностные оперативные вмешательства [1,7]."
        },
        {
            "name": "2.2 Физикальное обследование",
            "text": "Рекомендуется всем пациентам с подозрением на ОП в обязательном порядке проводить физикальное обследование в объеме:\n- осмотр перианальной области на наличие гиперемии, отечности кожных покровов, исследование инфильтрата или флюктуации в пораженной области;\n- осмотр крестцово-копчиковой и ягодичной областей на наличие гиперемии, отечности кожных покровов, исследование инфильтрата или флюктуации в пораженной области;\n- пальцевое исследование прямой кишки [1,7].\nУровень убедительности рекомендаций – С (уровень достоверности доказательств – 5).\nКомментарий. Клинический осмотр и пальцевое исследование прямой кишки проводят на гинекологическом кресле в положении как для литотомии или в колено-локтевом положении.\nСтандартный клинический осмотр включает осмотр промежности и заднего прохода, следует сконцентрироваться на выявлении признаков воспаления, его выраженности и распространённости. Также могут быть обнаружены сопутствующие заболевания анального канала: анальная трещина, геморрой, свищ заднего прохода или выпадение прямой кишки.\nПри стандартном пальцевом исследовании возможно определить:\n- локализацию воспаленной крипты (болезненность стенки) на стороне инфильтрата.\n- выбухание стенки прямой кишки, боль, сглаженность складок на стороне поражения, повышение температуры в кишке;\n- при позадипрямокишечной форме – выбухание в области задней стенки прямой кишки, а также усиление болей при давлении на копчик;\n- при тазово-прямокишечном парапроктите – болезненность одной из стенок прямой кишки, инфильтрацию кишечной стенки или плотный инфильтрат за её пределами. В более поздних стадиях определяют утолщение стенки кишки, оттеснение её извне, затем выбухание в просвет эластичного, иногда флюктуирующего, образования, над которым слизистая оболочка кишки может оставаться подвижной. К концу первой недели заболевания воспалительный инфильтрат оттесняет стенку кишки и выбухает в её просвет. Если воспалительная инфильтрация ткани захватывает предстательную железу и мочеиспускательный канал, то пальпация их вызывает болезненный позыв на мочеиспускание [9]."
        },
        {
            "name": "2.3 Лабораторные диагностические исследования",
            "text": "Специфическая лабораторная диагностика ОП отсутствует. Лабораторные диагностические исследования следует выполнять пациентам в ходе диагностики и лечения ОП для исключения сопутствующих заболеваний и состояний. Возможно проведение неспецифической диагностики по общему анализу крови, выявляется лейкоцитоз при обширном воспалительном поражении."
        },
        {
            "name": "2.4 Инструментальные диагностические исследования",
            "text": "В большинстве случаев, для постановки диагноза острого парапроктита не требуется инструментальная диагностика. При нечеткой и нетипичной клинической картине, отсутствии четких границ распространения воспалительного процесса, невозможности определить очаг флюктуации при физикальном исследовании, при подозрении на пельвиоректальный и ретроректальный ОП, при наличии затеков, при подозрении на анаэробный парапроктит, при болезни Крона, на фоне стероидной терапии, при нейтропении, при противоопухолевой химиотерапии, а также с целью дифференциальной диагностики, пациент с острым парапроктитом нуждается в проведении инструментальных диагностических исследований [9-13]. Целесообразно выполнить аноскопию и/или ректороманоскопию для определения локализации пораженной крипты, а также для верификации внутристеночного распространения воспалительного процесса.\nРекомендуется ультразвуковое исследование (трансанальное, трансректальное, трансперинеальное, трансвагинальное и транслабиальное у женщин), для оценки локализации и размеров гнойной полости, наличия дополнительных затеков, степени вовлеченности в воспалительный процесс стенки прямой кишки и запирательного аппарата прямой кишки, если в этом есть необходимость [9].\nУровень убедительности рекомендаций – С (уровень достоверности доказательств – 4)\nКомментарий: исследование проводится на аппаратах УЗИ, работающих в режиме реального времени и серой шкалы. Пациент при этом располагается в положении на спине, либо на боку. Информативность ультразвукового исследования достигает 90%. Преимуществами данной техники является низкая стоимость и быстрота исполнения.\nРекомендуется МРТ органов малого таза при обширных затеках и высоком расположении гнойника и для дифференциальной диагностики [9-13].\nУровень убедительности рекомендаций – В (уровень достоверности доказательств – 1)\nКомментарий: МРТ дает возможность анатомической детализации, является бесконтактным методом обследования. К недостаткам метода относятся высокая стоимость, необходимость специалиста по МРТ и длительность в исполнении.\nКТ органов малого таза не рекомендуется для обследования пациента ввиду низкой чувствительности и специфичности [9-13].\nУровень убедительности рекомендаций – B (уровень достоверности доказательств – 3)"
        },
        {
            "name": "2.5 Иные диагностические исследования",
            "text": "Микробиологическое (культуральное) исследование гнойного отделяемого не является обязательным методом диагностики, однако целесообразно для определения дальнейшей тактики лечения, для исключения анаэробной или иной специфической бактериальной флоры. Заключается в видовом исследовании микрофлоры гнойного очага для уточнения диагноза и проведения адекватной антибиотикотерапии. Забор материала производится в условиях операционной во время пункции гнойника [14]."
        },
        {
            "name": "3. Лечение, включая медикаментозную и немедикаментозную терапии, диетотерапию, обезболивание, медицинские показания и противопоказания к применению методов лечения",
            "text": "",
            "nested_objects": [
                {
                    "name": "3.1 Общие принципы лечения ОП",
                    "text": "Основным методом лечения острого парапроктита является хирургический. Операция должна быть выполнена в ближайшие часы после верификации диагноза. Промедление с операцией не только ухудшает состояние пациента, но и отягощает прогноз, т.к. чревато опасностью распространения гнойного процесса по клетчаточным пространствам таза, разрушением мышечных структур ЗАПК, стенки прямой кишки, развитием сепсиса. Хирургическое лечение может быть как радикальным одномоментным, так и многоэтапным. Наиболее целесообразно разделение хирургического лечения ОП на несколько этапов. На первом из них производится вскрытие гнойника, на втором – отсроченные радикальные операции, после стихания воспалительных явлений [1,11,13,15-20].\nЦель операции – вскрытие и дренирование гнойника, поиск и, при возможности, ликвидация пораженной крипты и гнойного хода [1,15-20].\nПоказания к госпитализации – верифицированный диагноз острого парапроктита [3,4].\nВид оперативного вмешательства зависит от локализации гнойника и распространенности воспалительного инфильтрата в окружающих тканях. Эффективность лечения при ОП составляет 98% [1,15-20].\nВ подавляющем большинстве случаев рекомендовано хирургическое лечение, исключением является развитие парапроктита у пациентов с заболеваниями крови, лейкопенией. При этом основной метод лечения - парентеральная комбинированная антибиотикотерапия [21].\nАнтибиотикотерапия в периоперационном периоде целесообразна при значительной распространенности воспалительного процесса, при сепсисе, иммунодефицитных состояниях и заболеваниях, ВЗК. В обычной ситуации достаточно вскрытия ОП и полноценного дренирования, а дополнительное назначение антибиотиков при этом, не ускоряет выздоровление и не приводит к снижению частоты развития СЗП и рецидивов заболевания [21]."
                },
                {
                    "name": "3.2 Вскрытие и дренирование острого парапроктита",
                    "text": "Рекомендуется вскрытие и дренирование всем пациентам при остром парапроктите [22-24].\nУровень убедительности рекомендаций – А (уровень достоверности доказательств – 1)\nКомментарий. Хорошие результаты лечения отмечаются более, чем в 70%. Частота ранних послеоперационных осложнений составляет 8,1 % [22-24].\nВскрытие и дренирование подкожного и ишиоанального ОП.\nМетодика: полулунным разрезом на стороне поражения, в центральной части гнойника, рассекают кожу и подкожную клетчатку. Дренирование гнойника выполняется с таким расчётом, чтобы в глубине раны не оставалось кармана, и отток был достаточным. С этой целью кожную рану расширяют и дренируют.\nВскрытие и дренирование пельвиоректального ОП.\nМетодика: полулунным разрезом на стороне поражения, отступя от края ануса не менее чем на 3 см., рассекают кожу, подкожную и ишиоанальную клетчатку. Продольным разрезом рассекают мышечную ткань диафрагмы таза. Эта манипуляция должна выполняться под визуальным контролем. Если её не удаётся произвести на глаз, расслаивание мышцы может быть осуществлено тупым путём – пальцем, браншами зажима или корнцангом. Дренирование гнойника выполняется с таким расчётом, чтобы в глубине раны не оставалось кармана, и отток был достаточным. Рану дренируют.\nВскрытие и дренирование ретроректального парапроктита.\nПоказания: гнойники, локализующиеся в ретроректальном пространстве.\nМетодика: производят разрез кожи по середине между проекцией верхушки копчика и задним краем анального отверстия, длиной до 5 см. Далее манипуляции выполняют тупым путем. Полость гнойника обследуют пальцем, при этом разъединяют соединительнотканные перемычки. После эвакуации гноя рану обсушивают и обрабатывают перекисью водорода. Край раны, прилегающий к стенке кишки, с помощью крючка отводят и хорошо экспонируют заднюю стенку анального канала, окруженного мышцами сфинктера. Операция заканчивают дренированием ретроректального пространства.\nВскрытие и дренирование подковообразного парапроктита.\nМетодика: объём вмешательства зависит от отношения гнойного хода к мышцам сфинктера, направления и локализации дуги подковы. Опорожнив гнойник, и сориентировавшись в направлении гнойного хода и его ответвлений, рану тампонируют и выполняют аналогичное вмешательство на противоположной стороне. Раскрыв гнойные полости, находят дугу подковы и гнойный ход, ведущий в кишку. Определяют его отношение и дуги подковы к мышцам сфинктера. Если дуга расположена в подкожной клетчатке, её рассекают по зонду. Точно так же поступают, если она располагается в пельвиоректальном пространстве. При этом пересекают заднепроходно-копчиковую связку. Рану дренируют."
                },
                {
                    "name": "3.3 Вскрытие и дренирование ОП, иссечение пораженной крипты, проведение эластической дренирующей лигатуры",
                    "text": "Рекомендуется пациентам после вскрытия ОП при четкой верификации пораженной крипты с транссфинктерным (захватывает более 30% сфинктера) или экстрасфинктерным расположением гнойного хода с целью лучшего дренирования и заживления ран, профилактики рецидива ОП и послеоперационных осложнений, подготовки к операции ликвидации СЗП иссечение пораженной крипты, проведение эластической дренирующей лигатуры [23].\nУровень убедительности рекомендаций – А (уровень достоверности доказательств – 2).\nКомментарий.\nМетодика: производят широкий полулунный разрез кожи на стороне поражения, затем после эвакуации гноя и обнаружения гнойного хода разрез продлевается до средней линии. Из просвета кишки производят окаймляющий разрез вокруг пораженной крипты с его продолжением по всей длине анального канала до соединения с углом промежностной раны. Узкой полоской иссекают выстилку анального канала и перианальную кожу. Через отверстие в месте удаленной крипты проводят эластический дренаж, один конец которого выводят из раны промежности по средней линии, а второй через внутреннее отверстие в просвете кишки. Концы дренажа соединяются друг с другом и фиксируются между собой лигатурой. При этом дренаж не должен сжимать и прорезывать вовлечённые ткани. Эластическую дренирующую лигатуру не следует удалять до формирования консолидированного свища."
                },
                {
                    "name": "3.4 Радикальные операции при остром парапроктите",
                    "text": "Рекомендуется пациентам после вскрытия ОП при четкой верификации пораженной крипты с интрасфинктерным и транссфинктерным (захватывает 30% и менее сфинктера) расположением гнойного хода [23,24].\nУровень убедительности рекомендаций – А (уровень достоверности доказательств – 2).\nКомментарий. Пациентам с четкой верификации пораженной крипты с поверхностным (интрасфинктерным и транссфинктерным – захватывает 30% и менее сфинктера) расположением гнойного хода вскрытие и дренирование ОП с радикальной ликвидацией гнойного хода достоверно снижает вероятность рецидива ОП до 6%, формирования СЗП и необходимость повторной операции [23].\nМетодика: проводят ревизию анального канала с целью поиска пораженной крипты внутреннего свищевого отверстия. Для четкой визуализации гнойной полости и обнаружения пораженной крипты используют пробу с красителем. Для уточнения расположения хода относительно волокон сфинктера проводят исследование пуговчатым зондом. После этого производят широкий полулунный разрез кожи на стороне поражения, а затем рассекают гнойный ход в просвет кишки, иссекают пораженную анальную крипту."
                },
                {
                    "name": "3.5 Лечение ОП при нейтропении",
                    "text": "Нейтропения существенным образом меняет клинику и течение инфекционных процессов в тканях. Формирование абсцессов в условиях нейтропении происходит редко, изменения в тканях чаще представляют собой воспалительные инфильтраты и некрозы [25-30]. ОП, развившийся на фоне гранулоцитопении, является тяжелым осложнением, что связано с высокой вероятностью сепсиса (30%) в условиях иммуносупрессии [28-29]\nРекомендуется всем пациентам, страдающих нейтропенией, назначение эмпирических схем антибиотикотерапии, что позволяется остановить прогрессирование аноректальной инфекции и развитие сепсиса [26,30].\nУровень убедительности рекомендаций – В (уровень достоверности доказательств – 3).\nКомментарий. Целесообразно применение на первом этапе антибиотиков, проявляющих активность в отношении грамотрицательных бактерий, включая синегнойную палочку. Введение антибиотиков только внутривенное [30].\nВскрытие и дренирование ОП рекомендовано при подтвержденном абсцессе или некрозе [25-30].\nУровень убедительности рекомендаций – С (уровень достоверности доказательств – 4).\nКомментарий. Хирургическое вмешательство должно быть проведено на фоне антибактериальной терапии под общим обезболиванием. Антибактериальная терапия должна быть продолжена в послеоперационном периоде до исчезновения признаков инфекции [30].\nПациенты с тяжелой формой нейтропении (абсолютным количеством нейтрофилов менее1000х109/л) и / или отсутствием полостных образований в тканях более успешно лечатся только антибиотиками [25,26,30]. Прогноз зависит от клинической ситуации. Показатель летальности непосредственно связанный с перианальными инфекционными осложнениями среди онкогематологических пациентов в современных исследованиях составляет менее 5% [25-28]."
                }
            ]
        },
        {
            "name": "4. Медицинская реабилитация, медицинские показания и противопоказания к применению методов реабилитации",
            "text": "В послеоперационном периоде всем пациентам, перенесшим операцию по поводу острого парапроктита, необходимо регулярное выполнение перевязок, заключающихся в очищении ран растворами антисептиков и нанесении на раневую поверхность мазей до заживления раны и предотвращении раннего заживления кожных краёв раны при сохранении воспалительного процесса в подлежащих тканях [22-24].\nПосле выписки из стационара, на период заживления раны всем пациентам целесообразно находиться под наблюдением врача-колопроктолога или врача-хирурга."
        },
        {
            "name": "5. Профилактика и диспансерное наблюдение, медицинские показания и противопоказания к применению методов профилактики",
            "text": "Специфической профилактики ОП не существует. Профилактика острого парапроктита заключается в основном в общеукрепляющих организм мероприятиях, направленных на устранение этиологических факторов возникновения заболевания:\n1) поддержка и укрепление местного и гуморального иммунитета;\n2) лечение и санация очагов острой и хронической инфекции;\n3) коррекция хронических заболеваний – сахарного диабета, атеросклероза;\n4) коррекция функциональных нарушений (запоров, поносов);\n5) своевременное лечение сопутствующих проктологических заболеваний (геморроя, трещин заднего прохода, криптита и т. д.)."
        },
        {
            "name": "6. Организация оказания медицинской помощи",
            "text": "Лечение пациентов с острым парапроктитом проводится в условиях колопроктологического стационара или, при отсутствии такового, в условиях хирургического стационара. Оказание помощи пациентам ОП осуществляется врачами-колопроктологами, а при отсутствии таковых – врачами-хирургами. Госпитализация пациентов осуществляется в экстренном порядке.\nПоказание для госпитализации:\nподтвержденный диагноз острого парапроктита\nПоказания к выписке пациента:\nпри стойком улучшении, когда пациент может без ущерба для здоровья продолжать лечение амбулаторно под наблюдением врача-колопроктолога или врача-хирурга; при отсутствии показаний к дальнейшему лечению в стационаре; при необходимости перевода пациента в другое лечебное учреждение; по требованию пациента или его законного представителя;\nв случаях несоблюдения пациентом предписаний или правил внутреннего распорядка стационара, если это не угрожает жизни пациента и здоровью окружающих."
        },
        {
            "name": "7. Дополнительная информация (в том числе факторы, влияющие на исход заболевания или состояния)",
            "text": "Отрицательно влияют на исход лечения:\nПрисоединение инфекционных осложнений. Нарушение стула (диарея или запор). Несоблюдение пациентом ограничений двигательной активности и физических нагрузок."
        },
        {
            "name": "Критерии оценки качества медицинской помощи",
            "text": "",
            "tables": [
                {
                    "name": "Критерии оценки качества медицинской помощи",
                    "html": "<table style=\"width: 100.04%;\" cellspacing=\"0\" cellpadding=\"0\" border=\"1\"><thead><tr><td style=\"width: 4.66%;\" valign=\"top\"><p><strong><em>№</em></strong></p><p><strong><em> </em></strong></p></td><td style=\"width: 53.86%;\" valign=\"top\"><p><strong><em>Критерии качества</em></strong></p></td><td style=\"width: 20.0%;\" valign=\"top\"><p><strong><em>Уровень достоверности доказательств</em></strong></p></td><td style=\"width: 21.48%;\" valign=\"top\"><p><strong><em>Уровень убедительности рекомендаций</em></strong></p></td></tr></thead><tbody><tr><td style=\"width: 4.66%;\" valign=\"top\"><p>1</p></td><td style=\"width: 53.86%;\" valign=\"top\"><p>Выполнено вскрытие острого парапроктита</p></td><td style=\"width: 20.0%;\" valign=\"top\"><p>1</p></td><td style=\"width: 21.48%;\" valign=\"top\"><p>А</p></td></tr><tr style=\"height: 32.85pt;\"><td style=\"width: 4.66%;\" valign=\"top\"><p>2</p></td><td style=\"width: 53.86%;\" valign=\"top\"><p>Вскрытие и дренирование острого парапроктита у пациентов с нейтропенией только при подтвержденном абсцессе или некрозе</p></td><td style=\"width: 20.0%;\" valign=\"top\"><p>4</p></td><td style=\"width: 21.48%;\" valign=\"top\"><p>С</p></td></tr></tbody></table>",
                    "csv": [
                        "№,Критерии качества,Уровень достоверности доказательств,Уровень убедительности рекомендаций\r",
                        "1,Выполнено вскрытие острого парапроктита,1,А\r",
                        "2,Вскрытие и дренирование острого парапроктита у пациентов с нейтропенией только при подтвержденном абсцессе или некрозе,4,С\r",
                        ""
                    ]
                }
            ]
        },
        {
            "name": "Список литературы",
            "text": [
                "Шелыгин Ю.А., Благодарный Л.А. Справочник по колопроктологии. Литтерра, 2012; 596. Gosselink MP, van Onkelen RS, Schouten WR. The cryptoglandular theory revisited. Colorectal Dis. 2015;17:1041–1043. Sugrue J, Nordenstam J, Abcarian H, et al. Pathogenesis and persistence of cryptoglandular anal fistula: a systematic review. Tech Coloproctol. 2017;21(6):425-432. doi:10.1007/s10151-017-1645-5 Pearce, L., Newton, K., Smith, S.R., Barrow, P., Smith, J., Hancock, L., Kirwan, C.C., Hill, J. and (2016), Multicentre observational study of outcomes after drainage of acute perianal abscess. Br J Surg, 103: 1063-1068. doi:10.1002/bjs.10154 Болквадзе Э. Э. Cложные формы острого парапроктита. Обзор литературы. Колопроктология, 2009; 27 (1):38-46. Sahnan K, Askari A, Adegbola SO, Tozer PJ, Phillips RKS, Hart A, et al. Natural history of anorectal sepsis. Br J Surg. 2017;104(13):1857-65. https://doi.org/10.1002/bjs.10614 Adamo K, Sandblom G, Brannstrom F, Strigard K (2016) Prevalence and recurrence rate of perianal abscess - a population based study, Sweden 1997-2009. Int J Color Dis 31:669–673 Vasilevski C.A. Anorectal abscesses and fistulas. In: Wolff BG, Fleshman JW, Beck DE, Pemberton JH, Wexner SD, eds. The ASCRS Textbook of Colorectal Surgery. New York: Springer; 2007:192–214. Téoule P, Seyfried S, Joos A, Bussen D, Herold A. Management of retrorectal supralevator abscess-results of a large cohort. Int J Colorectal Dis. 2018;33(11):1589-1594. doi:10.1007/s00384-018-3094-7 Maconi G, Greco MT, Asthana AK. Transperineal ultrasound for perianal fistulas and abscesses - a systematic review and meta-analysis. Transperinealer Ultraschall bei perianalen Fisteln und Abszessen – Systematischer Überblick und Metaanalyse. Ultraschall Med. 2017;38(3):265-272. doi:10.1055/s-0043-103954 Amato, A., Bottini, C., De Nardi, P. et al. Evaluation and management of perianal abscess and anal fistula: SICCR position statement. Tech Coloproctol 24, 127–143 (2020). https://doi.org/10.1007/s10151-019-02144-1 Nuernberg D, Saftoiu A, Barreiros AP, et al. EFSUMB Recommendations for Gastrointestinal Ultrasound Part 3: Endorectal, Endoanal and Perineal Ultrasound. Ultrasound Int Open. 2019;5(1):E34-E51. doi:10.1055/a-0825-6708 E. J. de Groof, V. N. Cabral, C. J. Buskens Systematic review of evidence and consensus on perianal ﬁstula: an analysis of national and international guidelines. Colorectal Disease, 2016; 18:119–134 Toyonaga T, Matsushima M, Tanaka Y. et al. Microbiological analysis and endoanal ultrasonography for diagnosis of anal fistula in acute anorectal sepsis. Int J Color Dis; 2007; 22: 209–213 Vogel JD, Johnson EK, Morris AM, et al. Clinical Practice Guideline for the Management of Anorectal Abscess, Fistula-in-Ano, and Rectovaginal Fistula. Dis Colon Rectum. 2016;59(12):1117-1133. doi:10.1097/DCR.0000000000000733 Ommer A, Herold A, Berg E, et al. German S3 guidelines: anal abscess and fistula (second revised version). Langenbecks Arch Surg. 2017;402(2):191-201. doi:10.1007/s00423-017-1563-z Yamana T. Japanese Practice Guidelines for Anal Disorders II. Anal fistula. J Anus Rectum Colon. 2018;2(3):103-109. Published 2018 Jul 30. doi:10.23922/jarc.2018-009 Steele SR, Kumar R, Feingold DL, Rafferty JL, Buie WD; Standards Practice Task Force of the American Society of Colon and Rectal Surgeons. Practice parameters for the management of perianal abscess and fistula-in-ano. Dis Colon Rectum. 2011;54(12):1465-1474. doi:10.1097/DCR.0b013e31823122b3 Pearce, L., Newton, K., Smith, S.R., Barrow, P., Smith, J., Hancock, L., Kirwan, C.C., Hill, J. and (2016), Multicentre observational study of outcomes after drainage of acute perianal abscess. Br J Surg, 103: 1063-1068. doi:10.1002/bjs.10154 Abcarian H., Anorectal Infection: Abscess–Fistula, Clin Colon Rectal Surg, 2011; 24 (1): 14–21. Sözener U, Gedik E, Kessaf Aslar A, Ergun H et al (2011) Does adjuvant antibiotic treatment after drainage of anorectal abscess prevent development of anal fistulas? A randomized, placebo-controlled, double-blind, multicenter study. Dis Colon rectum 54:923-929. Internal dressings for healing perianal abscess cavities (Review) Copyright © 2016 The Cochrane Collaboration. Published by John Wiley & Sons, Ltd. Malik AI, Nelson RL, Tou S. Incision and drainage of perianal abscess with or without treatment of anal fistula. Cochrane Database of Systematic Reviews 2010, Issue 7. Art. No.: CD006827. DOI: 10.1002/14651858.CD006827.pub2. Galanis I, Chatzimavroudis G, Christopoulos P, Makris J (2016) Prospective Randomized Trial of Simple Drainage vs. Drainage and Initial Fistula Management for Perianal Abscesses. J Gastrointest Dig Syst 6:382. doi:10.4172/2161-069X.1000382 Badgwell BD, Chang GJ, Rodriguez-Bigas MA, et al. Management and outcomes of anorectal infection in the cancer patient. Ann Surg Oncol. 2009;16:2752–2758. Büyükaşik Y, Ozcebe OI, Sayinalp N, et al. Perianal infections in patients with leukemia: importance of the course of neutrophil count. Dis Colon Rectum. 1998;41:81–85. Штыркова С.В., Клясова Г.А., Данишян К.И., Гемджян Э.Г., Троицкая В.В., Карагюлян С.Р. Перианальная инфекция у больных гемобластозами: факторы риска и возможности профилактики. Терапевтический архив. 2016;7:72-77. doi: 10.17116/terarkh201688772-77 Morcos B., Amarin R., Abu Sba A., Al-Ramahi R., Abu Alrub Z., Salhab M. Contemporary management of perianal conditions in febrile neutropenic patients. Eur. J. Surg. Oncol. 2013; 39(4): 404–7. doi: 10.1016/j.ejso Solmaz S, Korur A, Gereklioğlu Ç, Asma S, Büyükkurt N, Kasar M, Yeral M, Kozanoğlu İ, Boğa C, Ozdoğu H. Anorectal Complications During Neutropenic Period in Patients with Hematologic Diseases. Mediterr J Hematol Infect Dis. 2016 Mar 1;8(1):e2016019. doi: 10.4084/MJHID.2016.019. eCollection 2016.PMID: 26977278 Штыркова С.В., Клясова Г.А., Карагюлян С.Р., Гемджян Э.Г., Данишян К.И. Особенности перианальных инфекционных осложнений у больных гранулоцитопенией и опухолевыми заболеваниями системы крови. Колопроктология. 2020; т.19, №4, с. 10-31. https://doi.org/10.33878/2073-7556-2020-19-4-10-31"
            ]
        },
        {
            "name": "Приложение А1. Состав рабочей группы по разработке и пересмотру клинических рекомендаций",
            "text": "Конфликт интересов отсутствует.",
            "tables": [
                {
                    "name": "Приложение А1. Состав рабочей группы по разработке и пересмотру клинических рекомендаций",
                    "html": "<table style=\"width: 0px;\" cellspacing=\"0\" cellpadding=\"0\" border=\"1\"><tbody><tr><td style=\"width: 25.35pt;\" valign=\"top\"><p>№</p></td><td style=\"width: 191.4pt;\" valign=\"top\"><p>Ф.И.О.</p></td><td style=\"width: 49.6pt;\" valign=\"top\"><p>Ученая степень</p></td><td style=\"width: 3.0cm;\" valign=\"top\"><p>Ученое звание</p></td><td style=\"width: 5.0cm;\" valign=\"top\"><p>Профессиональная ассоциация</p></td></tr><tr><td style=\"width: 25.35pt;\" valign=\"top\"><ol><li> </li></ol></td><td style=\"width: 191.4pt;\" valign=\"top\"><p>Алиев Фуад Шамильевич</p></td><td style=\"width: 49.6pt;\" valign=\"top\"><p>Д.м.н.</p></td><td style=\"width: 3.0cm;\" valign=\"top\"><p>Профессор</p></td><td style=\"width: 5.0cm;\" valign=\"top\"><p>Ассоциация колопроктологов России</p></td></tr><tr><td style=\"width: 25.35pt;\" valign=\"top\"><ol start=\"2\"><li> </li></ol></td><td style=\"width: 191.4pt;\" valign=\"top\"><p>Васильев Сергей Васильевич</p></td><td style=\"width: 49.6pt;\" valign=\"top\"><p>Д.м.н.</p></td><td style=\"width: 3.0cm;\" valign=\"top\"><p>Профессор</p></td><td style=\"width: 5.0cm;\" valign=\"top\"><p>Ассоциация колопроктологов России</p></td></tr><tr><td style=\"width: 25.35pt;\" valign=\"top\"><ol start=\"3\"><li> </li></ol></td><td style=\"width: 191.4pt;\" valign=\"top\"><p>Веселов Алексей Викторович</p></td><td style=\"width: 49.6pt;\" valign=\"top\"><p>К.м.н.</p></td><td style=\"width: 3.0cm;\" valign=\"top\"><p> </p></td><td style=\"width: 5.0cm;\" valign=\"top\"><p>Ассоциация колопроктологов России</p></td></tr><tr><td style=\"width: 25.35pt;\" valign=\"top\"><ol start=\"4\"><li> </li></ol></td><td style=\"width: 191.4pt;\" valign=\"top\"><p>Грошилин Виталий Сергеевич</p></td><td style=\"width: 49.6pt;\" valign=\"top\"><p>Д.м.н.</p></td><td style=\"width: 3.0cm;\" valign=\"top\"><p>Профессор</p></td><td style=\"width: 5.0cm;\" valign=\"top\"><p>Ассоциация колопроктологов России</p></td></tr><tr><td style=\"width: 25.35pt;\" valign=\"top\"><ol start=\"5\"><li> </li></ol></td><td style=\"width: 191.4pt;\" valign=\"top\"><p>Егоркин Михаил Александрович</p></td><td style=\"width: 49.6pt;\" valign=\"top\"><p>Д.м.н.</p></td><td style=\"width: 3.0cm;\" valign=\"top\"><p> </p></td><td style=\"width: 5.0cm;\" valign=\"top\"><p>Ассоциация колопроктологов России</p></td></tr><tr><td style=\"width: 25.35pt;\" valign=\"top\"><ol start=\"6\"><li> </li></ol></td><td style=\"width: 191.4pt;\" valign=\"top\"><p>Ильканич Андрей Яношевич</p></td><td style=\"width: 49.6pt;\" valign=\"top\"><p>Д.м.н.</p></td><td style=\"width: 3.0cm;\" valign=\"top\"><p>Профессор</p></td><td style=\"width: 5.0cm;\" valign=\"top\"><p>Ассоциация колопроктологов России</p></td></tr><tr><td style=\"width: 25.35pt;\" valign=\"top\"><ol start=\"7\"><li> </li></ol></td><td style=\"width: 191.4pt;\" valign=\"top\"><p>Кашников Владимир Николаевич</p></td><td style=\"width: 49.6pt;\" valign=\"top\"><p>Д.м.н.</p></td><td style=\"width: 3.0cm;\" valign=\"top\"><p> </p></td><td style=\"width: 5.0cm;\" valign=\"top\"><p>Ассоциация колопроктологов России</p></td></tr><tr><td style=\"width: 25.35pt;\" valign=\"top\"><ol start=\"8\"><li> </li></ol></td><td style=\"width: 191.4pt;\" valign=\"top\"><p>Костенко Николай Владимирович</p></td><td style=\"width: 49.6pt;\" valign=\"top\"><p>Д.м.н.</p></td><td style=\"width: 3.0cm;\" valign=\"top\"><p>Профессор</p></td><td style=\"width: 5.0cm;\" valign=\"top\"><p>Ассоциация колопроктологов России</p></td></tr><tr><td style=\"width: 25.35pt;\" valign=\"top\"><ol start=\"9\"><li> </li></ol></td><td style=\"width: 191.4pt;\" valign=\"top\"><p>Кузьминов Александр Михайлович</p></td><td style=\"width: 49.6pt;\" valign=\"top\"><p>Д.м.н.</p></td><td style=\"width: 3.0cm;\" valign=\"top\"><p>Профессор</p></td><td style=\"width: 5.0cm;\" valign=\"top\"><p>Ассоциация колопроктологов России</p></td></tr><tr><td style=\"width: 25.35pt;\" valign=\"top\"><ol start=\"10\"><li> </li></ol></td><td style=\"width: 191.4pt;\" valign=\"top\"><p>Москалев Алексей Игоревич</p></td><td style=\"width: 49.6pt;\" valign=\"top\"><p>К.м.н.</p></td><td style=\"width: 3.0cm;\" valign=\"top\"><p> </p></td><td style=\"width: 5.0cm;\" valign=\"top\"><p>Ассоциация колопроктологов России</p></td></tr><tr><td style=\"width: 25.35pt;\" valign=\"top\"><ol start=\"11\"><li> </li></ol></td><td style=\"width: 191.4pt;\" valign=\"top\"><p>Муравьев Александр Васильевич</p></td><td style=\"width: 49.6pt;\" valign=\"top\"><p>Д.м.н.</p></td><td style=\"width: 3.0cm;\" valign=\"top\"><p>Профессор</p></td><td style=\"width: 5.0cm;\" valign=\"top\"><p>Ассоциация колопроктологов России</p></td></tr><tr><td style=\"width: 25.35pt;\" valign=\"top\"><ol start=\"12\"><li> </li></ol></td><td style=\"width: 191.4pt;\" valign=\"top\"><p>Нечай Игорь Анатольевич</p></td><td style=\"width: 49.6pt;\" valign=\"top\"><p>Д.м.н.</p></td><td style=\"width: 3.0cm;\" valign=\"top\"><p>Профессор</p></td><td style=\"width: 5.0cm;\" valign=\"top\"><p>Ассоциация колопроктологов России</p></td></tr><tr><td style=\"width: 25.35pt;\" valign=\"top\"><ol start=\"13\"><li> </li></ol></td><td style=\"width: 191.4pt;\" valign=\"top\"><p>Попов Дмитрий Евгеньевич</p></td><td style=\"width: 49.6pt;\" valign=\"top\"><p>К.м.н.</p></td><td style=\"width: 3.0cm;\" valign=\"top\"><p>Доцент</p></td><td style=\"width: 5.0cm;\" valign=\"top\"><p>Ассоциация колопроктологов России</p></td></tr><tr><td style=\"width: 25.35pt;\" valign=\"top\"><ol start=\"14\"><li> </li></ol></td><td style=\"width: 191.4pt;\" valign=\"top\"><p>Титов Александр Юрьевич</p></td><td style=\"width: 49.6pt;\" valign=\"top\"><p>Д.м.н.</p></td><td style=\"width: 3.0cm;\" valign=\"top\"><p> </p></td><td style=\"width: 5.0cm;\" valign=\"top\"><p>Ассоциация колопроктологов России</p></td></tr><tr><td style=\"width: 25.35pt;\" valign=\"top\"><ol start=\"15\"><li> </li></ol></td><td style=\"width: 191.4pt;\" valign=\"top\"><p>Фролов Сергей Алексеевич</p></td><td style=\"width: 49.6pt;\" valign=\"top\"><p>Д.м.н.</p></td><td style=\"width: 3.0cm;\" valign=\"top\"><p>Доцент</p></td><td style=\"width: 5.0cm;\" valign=\"top\"><p>Ассоциация колопроктологов России</p></td></tr><tr><td style=\"width: 25.35pt;\" valign=\"top\"><ol start=\"16\"><li> </li></ol></td><td style=\"width: 191.4pt;\" valign=\"top\"><p>Шелыгин Юрий Анатольевич</p></td><td style=\"width: 49.6pt;\" valign=\"top\"><p>Д.м.н.</p></td><td style=\"width: 3.0cm;\" valign=\"top\"><p>Академик РАН, профессор</p></td><td style=\"width: 5.0cm;\" valign=\"top\"><p>Ассоциация колопроктологов России</p></td></tr><tr><td style=\"width: 25.35pt;\" valign=\"top\"><ol start=\"17\"><li> </li></ol></td><td style=\"width: 191.4pt;\" valign=\"top\"><p>Штыркова Светлана Витальевна</p></td><td style=\"width: 49.6pt;\" valign=\"top\"><p>К.м.н.</p></td><td style=\"width: 3.0cm;\" valign=\"top\"><p> </p></td><td style=\"width: 5.0cm;\" valign=\"top\"><p>Ассоциация колопроктологов России</p></td></tr></tbody></table>",
                    "csv": [
                        "0,1,2,3,4\r",
                        "№,Ф.И.О.,Ученая степень,Ученое звание,Профессиональная ассоциация\r",
                        ",Алиев Фуад Шамильевич,Д.м.н.,Профессор,Ассоциация колопроктологов России\r",
                        ",Васильев Сергей Васильевич,Д.м.н.,Профессор,Ассоциация колопроктологов России\r",
                        ",Веселов Алексей Викторович,К.м.н.,,Ассоциация колопроктологов России\r",
                        ",Грошилин Виталий Сергеевич,Д.м.н.,Профессор,Ассоциация колопроктологов России\r",
                        ",Егоркин Михаил Александрович,Д.м.н.,,Ассоциация колопроктологов России\r",
                        ",Ильканич Андрей Яношевич,Д.м.н.,Профессор,Ассоциация колопроктологов России\r",
                        ",Кашников Владимир Николаевич,Д.м.н.,,Ассоциация колопроктологов России\r",
                        ",Костенко Николай Владимирович,Д.м.н.,Профессор,Ассоциация колопроктологов России\r",
                        ",Кузьминов Александр Михайлович,Д.м.н.,Профессор,Ассоциация колопроктологов России\r",
                        ",Москалев Алексей Игоревич,К.м.н.,,Ассоциация колопроктологов России\r",
                        ",Муравьев Александр Васильевич,Д.м.н.,Профессор,Ассоциация колопроктологов России\r",
                        ",Нечай Игорь Анатольевич,Д.м.н.,Профессор,Ассоциация колопроктологов России\r",
                        ",Попов Дмитрий Евгеньевич,К.м.н.,Доцент,Ассоциация колопроктологов России\r",
                        ",Титов Александр Юрьевич,Д.м.н.,,Ассоциация колопроктологов России\r",
                        ",Фролов Сергей Алексеевич,Д.м.н.,Доцент,Ассоциация колопроктологов России\r",
                        ",Шелыгин Юрий Анатольевич,Д.м.н.,\"Академик РАН, профессор\",Ассоциация колопроктологов России\r",
                        ",Штыркова Светлана Витальевна,К.м.н.,,Ассоциация колопроктологов России\r",
                        ""
                    ]
                }
            ]
        },
        {
            "name": "Приложение А2. Методология разработки клинических рекомендаций",
            "text": "Целевая аудитория клинических рекомендаций:\n1. Врачи колопроктологи\n2. Врачи хирурги\n3. Врачи гастроэнтерологи\n4. Врачи терапевты\n5. Врачи общей практики (семейные врачи)\n6. Врачи эндоскописты\n7. Медицинские работники со средним медицинским образованием\n8. Организаторы здравоохранения\n9. Врачи-эксперты медицинских страховых организаций (в том числе при проведении медико-экономической экспертизы)\n10.Студенты медицинских ВУЗов, ординаторы, аспиранты.\nВ данных клинических рекомендациях все сведения ранжированы по уровню достоверности (доказательности) в зависимости от количества и качества исследований по данной проблеме.\nПорядок обновления клинических рекомендаций\nМеханизм обновления клинических рекомендаций предусматривает систематическую актуализацию – не реже чем один раз в три года, а также при появлении новых данных с позиции доказательной медицины по вопросам диагностики, лечения, профилактики и реабилитации конкретных заболеваний, наличии обоснованных дополнений/замечаний к ранее утвержденным КР (клинических рекомендации) но не чаще 1 раз в 6 месяцев.",
            "tables": [
                {
                    "name": "Таблица 1. Шкала оценки уровней достоверности доказательств (УДД) для методов диагностики (диагностических вмешательств)",
                    "html": "<table cellspacing=\"0\" cellpadding=\"0\" border=\"1\"><tbody><tr><td style=\"width: 91.9pt;\" valign=\"top\"><p><strong>УДД</strong></p></td><td style=\"width: 375.35pt;\" valign=\"top\"><p><strong>Расшифровка </strong></p></td></tr><tr><td style=\"width: 91.9pt;\" valign=\"top\"><p>1</p></td><td style=\"width: 375.35pt;\" valign=\"top\"><p>Систематические обзоры исследований с контролем референсным методом или систематический обзор рандомизированных клинических исследований с применением мета-анализа</p></td></tr><tr><td style=\"width: 91.9pt;\" valign=\"top\"><p>2</p></td><td style=\"width: 375.35pt;\" valign=\"top\"><p>Отдельные исследования с контролем референсным методом или отдельные рандомизированные клинические исследования и систематические обзоры исследований любого дизайна, за исключением рандомизированных клинических исследований с применением мета-анализа</p></td></tr><tr><td style=\"width: 91.9pt;\" valign=\"top\"><p>3</p></td><td style=\"width: 375.35pt;\" valign=\"top\"><p>Исследования без последовательного контроля референсным методом или исследования с референсным методом, не являющимся независимым от исследуемого метода или нерандомизированные сравнительные исследования, в том числе когортные исследования</p></td></tr><tr><td style=\"width: 91.9pt;\" valign=\"top\"><p>4</p></td><td style=\"width: 375.35pt;\" valign=\"top\"><p>Несравнительные исследования, описание клинического случая</p></td></tr><tr><td style=\"width: 91.9pt;\" valign=\"top\"><p>5</p></td><td style=\"width: 375.35pt;\" valign=\"top\"><p>Имеется лишь обоснование механизма действия или мнение экспертов</p></td></tr></tbody></table>",
                    "csv": [
                        "0,1\r",
                        "УДД,Расшифровка\r",
                        "1,Систематические обзоры исследований с контролем референсным методом или систематический обзор рандомизированных клинических исследований с применением мета-анализа\r",
                        "2,\"Отдельные исследования с контролем референсным методом или отдельные рандомизированные клинические исследования и систематические обзоры исследований любого дизайна, за исключением рандомизированных клинических исследований с применением мета-анализа\"\r",
                        "3,\"Исследования без последовательного контроля референсным методом или исследования с референсным методом, не являющимся независимым от исследуемого метода или нерандомизированные сравнительные исследования, в том числе когортные исследования\"\r",
                        "4,\"Несравнительные исследования, описание клинического случая\"\r",
                        "5,Имеется лишь обоснование механизма действия или мнение экспертов\r",
                        ""
                    ]
                },
                {
                    "name": "Таблица 2. Шкала оценки уровней достоверности доказательств (УДД) для методов профилактики, лечения и реабилитации (профилактических, лечебных, реабилитационных вмешательств)",
                    "html": "<table cellspacing=\"0\" cellpadding=\"0\" border=\"1\"><tbody><tr><td style=\"width: 104.65pt;\" valign=\"top\"><p><strong>УДД</strong></p></td><td style=\"width: 373.9pt;\" valign=\"top\"><p><strong>Расшифровка</strong></p></td></tr><tr><td style=\"width: 104.65pt;\" valign=\"top\"><p>1</p></td><td style=\"width: 373.9pt;\" valign=\"top\"><p>Систематический обзор рандомизированных клинических исследований с применением мета-анализа</p></td></tr><tr><td style=\"width: 104.65pt;\" valign=\"top\"><p>2</p></td><td style=\"width: 373.9pt;\" valign=\"top\"><p>Отдельные рандомизированные клинические исследования и систематические обзоры исследований любого дизайна, за исключением рандомизированных клинических исследований, с применением мета-анализа</p></td></tr><tr><td style=\"width: 104.65pt;\" valign=\"top\"><p>3</p></td><td style=\"width: 373.9pt;\" valign=\"top\"><p>Нерандомизированные сравнительные исследования, в том числе когортные исследования</p></td></tr><tr><td style=\"width: 104.65pt;\" valign=\"top\"><p>4</p></td><td style=\"width: 373.9pt;\" valign=\"top\"><p>Несравнительные исследования, описание клинического случая или серии случаев, исследование «случай-контроль»</p></td></tr><tr><td style=\"width: 104.65pt;\" valign=\"top\"><p>5</p></td><td style=\"width: 373.9pt;\" valign=\"top\"><p>Имеется лишь обоснование механизма действия вмешательства (доклинические исследования) или мнение экспертов</p></td></tr></tbody></table>",
                    "csv": [
                        "0,1\r",
                        "УДД,Расшифровка\r",
                        "1,Систематический обзор рандомизированных клинических исследований с применением мета-анализа\r",
                        "2,\"Отдельные рандомизированные клинические исследования и систематические обзоры исследований любого дизайна, за исключением рандомизированных клинических исследований, с применением мета-анализа\"\r",
                        "3,\"Нерандомизированные сравнительные исследования, в том числе когортные исследования\"\r",
                        "4,\"Несравнительные исследования, описание клинического случая или серии случаев, исследование «случай-контроль»\"\r",
                        "5,Имеется лишь обоснование механизма действия вмешательства (доклинические исследования) или мнение экспертов\r",
                        ""
                    ]
                },
                {
                    "name": "Таблица 3. Шкала оценки уровней убедительности рекомендаций (УРР) для методов профилактики, лечения и реабилитации (профилактических, диагностических, лечебных, реабилитационных вмешательств)",
                    "html": "<table cellspacing=\"0\" cellpadding=\"0\" border=\"1\"><tbody><tr><td style=\"width: 104.65pt;\" valign=\"top\"><p><strong>УРР</strong></p></td><td style=\"width: 373.9pt;\" valign=\"top\"><p><strong>Расшифровка</strong></p></td></tr><tr><td style=\"width: 104.65pt;\" valign=\"top\"><p>А</p></td><td style=\"width: 373.9pt;\" valign=\"top\"><p>Сильная рекомендация (все рассматриваемые критерии эффективности (исходы) являются важными, все исследования имеют высокое удовлетворительное методологическое качество, их выводы по интересующим исходам являются согласованными)</p></td></tr><tr><td style=\"width: 104.65pt;\" valign=\"top\"><p>В</p></td><td style=\"width: 373.9pt;\" valign=\"top\"><p>Условная рекомендация (не все рассматриваемые критерии эффективности (исходы) являются важными, не все исследования имеют высокое удовлетворительное методологическое качество и/или их выводы по интересующим исходам не являются согласованными)</p></td></tr><tr><td style=\"width: 104.65pt;\" valign=\"top\"><p>С</p></td><td style=\"width: 373.9pt;\" valign=\"top\"><p>Слабая рекомендация (отсутствие доказательств надлежащего качества (все рассматриваемые критерии эффективности (исходы) являются неважными, все исследования имеют низкое методологическое качество и их выводы по интересующим исходам не являются согласованными)</p></td></tr></tbody></table>",
                    "csv": [
                        "0,1\r",
                        "УРР,Расшифровка\r",
                        "А,\"Сильная рекомендация (все рассматриваемые критерии эффективности (исходы) являются важными, все исследования имеют высокое удовлетворительное методологическое качество, их выводы по интересующим исходам являются согласованными)\"\r",
                        "В,\"Условная рекомендация (не все рассматриваемые критерии эффективности (исходы) являются важными, не все исследования имеют высокое удовлетворительное методологическое качество и/или их выводы по интересующим исходам не являются согласованными)\"\r",
                        "С,\"Слабая рекомендация (отсутствие доказательств надлежащего качества (все рассматриваемые критерии эффективности (исходы) являются неважными, все исследования имеют низкое методологическое качество и их выводы по интересующим исходам не являются согласованными)\"\r",
                        ""
                    ]
                }
            ]
        },
        {
            "name": "Приложение А3. Справочные материалы, включая соответствие показаний к применению и противопоказаний, способов применения и доз лекарственных препаратов, инструкции по применению лекарственного препарата",
            "text": "Связанные документы\nДанные клинические рекомендации разработаны с учётом следующих нормативно-правовых документов:\nСтатья 76 Федерального Закона Российской Федерации от 21.11.2011 N 323-ФЗ \"Об основах охраны здоровья граждан в Российской Федерации\", в части разработки и утверждении медицинскими профессиональными некоммерческими организациями клинических рекомендаций (протоколов лечения) по вопросам оказания медицинской помощи; Приказ от 2 апреля 2010 г. N 206н \"Об утверждении порядка оказания медицинской помощи населению с заболеваниями толстой кишки, анального канала и промежности колопроктологического профиля\" Министерства здравоохранения и социального развития Российской Федерации; Федеральный Закон Российской Федерации от 29.11.2010 N 326-ФЗ (ред. от 03.07.2016) \"Об обязательном медицинском страховании в Российской Федерации\"; Приказ Минздрава России от 7 июля 2015 г. N 422ан \"Об утверждении критериев оценки качества медицинской помощи\"; Приказ Министерства Здравоохранения и Социального развития Российской Федерации от 17 декабря 2015 г. № 1024н «О классификации и критериях, используемых при осуществлении медико-социальной экспертизы граждан федеральными государственными учреждениями медико-социальной экспертизы»; Федеральный Закон от 17.07.1990 178-ФЗ (в ред. Федеральных законов от 08.12.2010 №345 ФЗ, от 345-ФЗ, от 01.07.2011 № 169ФЗ, от 28.07.2012 № 133- ФЗ, от 25.12.2012 №258-ФЗ, от 07.05.2013 №99-ФЗ, от 07.05.2013 №104-ФЗ, от 02.07.2013 №185-ФЗ, от 25.11.2013 №317-ФЗ) «О государственной социальной помощи»."
        },
        {
            "name": "Приложение Б. Алгоритмы действий врача",
            "text": ""
        },
        {
            "name": "Приложение В. Информация для пациента",
            "text": "Острый парапроктит – острое гнойно-воспалительное заболевание параректальной клетчатки. Инфекция из прямой кишки по протокам анальных желез может быстро проникать в одно из параректальных клетчаточных пространств — подкожное (чаще всего), ишиоанальное, пельвиоректальное, ретроректальное (очень редко).\nПо названиям этих пространств именуется и форма острого парапроктита —подслизистый, подкожный, ишиоанальный, пельвиоректальный (тазовопрямокишечный), ретроректальный. Различают иногда интрасфинктерный абсцесс, но этот термин лучше применять при хроническом парапроктите, ибо точно локализовать полость гнойника при остром процессе трудно. Внутреннее отверстие гнойника почти всегда одно, а наружных гнойников может быть два и более, причём эти наружные абсцессы нередко располагаются по обе стороны от заднего прохода — сзади или спереди от прямой кишки (подковообразный парапроктит). «Дуга» такого абсцесса проходит позади, между анусом и копчиком (чаще) или спереди от заднего прохода (у женщин между анусом и ректовагинальной перегородкой). При этом диагностируют соответственно, задний или передний подковообразный острый парапроктит, причём с одной стороны абсцесс может быть подкожным, а с другой ишиоанальным и т. п. Чаще всего, более чем у половины всех пациентов, гнойник располагается на границе кожи и слизистой — подкожно-подслизистый краевой острый парапроктит.\nКлиника острого парапроктита характерна для любого параректального нагноения: припухлость, болезненность при пальпации, боли, нарастающие, а иногда внезапные, усиливающиеся при ходьбе и сидении, при кашле, при дефекации (не всегда), размягчение в центре. Ухудшается общее состояние, появляется субфебрилитет. Более всего общее состояние страдает при глубоких (ишиоанальных, тазово-прямокишечных) гнойниках, в то время как местно при этих формах абсцесса изменения минимальны — почти нет покраснения кожи, и только глубокий толчок верхушками пальцев вызывает боль с пораженной стороны.\nПри глубоком (высоком) ишиоанальном, пельвиоректальном или ретроректальном ОП общее состояние пациента может быть тяжелым (высокая лихорадка, все признаки интоксикации, боли в глубине таза), а местные изменения подчас оказываются мало демонстративными.\nНередко после вскрытия ОП развиваются свищи заднего прохода.\nРешение вопроса о применении той или иной радикальной операции при остром парапроктите должно приниматься только специалистом-колопроктологом, а при поступлении таких пациента в общехирургический стационар следует просто широко вскрыть и дренировать гнойник на промежности и предупредить пациента о возможном рецидиве гнойника или образовании СЗП. Если это произойдет, следует направить пациента для плановой операции в колопроктологическое отделение.\nПосле вскрытия гнойника лучше впоследствии в плановом порядке, в колопроктологической клинике выполнить квалифицированно операцию по поводу СЗП, чем пытаться любым путём одномоментно радикально прооперировать острый парапроктит, не думая о будущей функции запирательного аппарата.\nПолное выздоровление наступает при своевременном хирургическом лечении. В случае недостаточного дренирования, при отсутствии лечения, при хронической инфекции в качестве последствия парапроктита образовывается свищевой ход.\nИногда свищевые ходы способствуют распространению воспаления в труднодоступные места малого таза. Как результат — инфекцию становится невозможно устранить полностью. Это провоцирует постоянные рецидивы парапроктита. Продолжительное течение заболевания может вызвать спаечные процессы в малом тазу и рубцовые изменения в стенках анального канала.\nПрофилактика состоит в своевременном лечении болезней прямой кишки, соблюдении личной гигиены. Безотлагательное хирургическое лечение острого течения заболевания предупреждает образование СЗП. Немаловажным фактором в предупреждении недуга является нормализация деятельности кишечника."
        },
        {
            "name": "Приложение Г1-ГN. Шкалы оценки, вопросники и другие оценочные инструменты состояния пациента, приведенные в клинических рекомендациях",
            "text": "Нет."
        }
    ]
}