{
    "name": "Бактериальный вагиноз",
    "url": "https://cr.minzdrav.gov.ru/schema/206_2",
    "classification": [
        "N89"
    ],
    "approval_year": "2022",
    "age_category": "Взрослые",
    "revision_no_later": "2024",
    "id": "206",
    "clinical_guideline_developers": [
        "Общероссийская общественная организация \"Российское общество дерматовенерологов и косметологов\""
    ],
    "content": [
        "Список сокращений",
        "Термины и определения",
        "1. Краткая информация по заболеванию или состоянию (группы заболеваний или состояний)",
        "1.1 Определение заболевания или состояния (группы заболеваний или состояний)",
        "1.2 Этиология и патогенез заболевания или состояния (группы заболеваний или состояний)",
        "1.3 Эпидемиология заболевания или состояния (группы заболеваний или состояний)",
        "1.4 Особенности кодирования заболевания или состояния (группы заболеваний или состояний) по Международной статической класификации болезней и проблем, связанных со здоровьем",
        "1.5 Классификация заболевания или состояния (группы заболеваний или состояний)",
        "1.6 Клиническая картина заболевания или состояния (группы заболеваний или состояний)",
        "2. Диагностика заболевания или состояния (группы заболеваний или состояний) медицинские показания и противопоказания к применению методов диагностики",
        "2.1 Жалобы и анамнез",
        "2.2 Физикальное обследование",
        "2.3 Лабораторные диагностические исследования",
        "2.4 Инструментальные диагностические исследования",
        "2.5 Иные диагностические исследования",
        "3. Лечение, включая медикаментозную и немедикаментозную терапии, диетотерапию, обезболивание, медицинские показания и противопоказания к применению методов лечения",
        "4. Медицинская реабилитация, медицинские показания и противопоказания к применению методов реабилитации",
        "5. Профилактика и диспансерное наблюдение, медицинские показания и противопоказания к применению методов профилактики",
        "6. Организация оказания медицинской помощи",
        "7. Дополнительная информация (в том числе факторы, влияющие на исход заболевания или состояния)",
        "Критерии оценки качества медицинской помощи",
        "Список литературы",
        "Приложение А1. Состав рабочей группы по разработке и пересмотру клинических рекомендаций",
        "Приложение А2. Методология разработки клинических рекомендаций",
        "Приложение А3. Справочные материалы, включая соответствие показаний к применению и противопоказаний, способов применения и доз лекарственных препаратов, инструкции по применению лекарственного препарата",
        "Приложение Б. Алгоритмы действий врача",
        "Приложение В. Информация для пациента",
        "Приложение Г1-ГN. Шкалы оценки, вопросники и другие оценочные инструменты состояния пациента, приведенные в клинических рекомендациях"
    ],
    "full_text": [
        {
            "name": "Список сокращений",
            "text": "ВЗОМТ – воспалительные заболевания органов малого таза\nВИЧ – вирус иммунодефицита человека\nДНК – дезоксирибонуклеиновая кислота\nМКБ – Международная классификация болезней\nTLR – толл – рецепторы"
        },
        {
            "name": "Термины и определения",
            "text": "Бактериальный вагиноз (БВ) – это невоспалительный синдром, характеризующийся дисбиозом вагинальной микробиоты, выраженный в снижении количества лактобактерий (вплоть до их полного исчезновения) и в увеличении количества облигатных и факультативных анаэробных условно-патогенных микроорганизмов."
        },
        {
            "name": "1. Краткая информация по заболеванию или состоянию (группы заболеваний или состояний)",
            "text": ""
        },
        {
            "name": "1.1 Определение заболевания или состояния (группы заболеваний или состояний)",
            "text": "Бактериальный вагиноз (БВ) – это невоспалительный синдром, характеризующийся дисбиозом вагинальной микробиоты, выраженный в снижении количества лактобактерий (вплоть до их полного исчезновения) и в увеличении количества облигатных и факультативных анаэробных условно-патогенных микроорганизмов."
        },
        {
            "name": "1.2 Этиология и патогенез заболевания или состояния (группы заболеваний или состояний)",
            "text": "Бактериальный вагиноз – это полимикробное дисбиотическое заболевание, при котором резко уменьшается количество Lactobacillus spp. и увеличивается количество факультативных и облигатных анаэробов и микроаэрофилов (Gardnerella vaginalis, Peptostreptococcus, Clostridiales spp., Prevotella spp., Bacteroides, Fusobacterium, Veillonella, Eubacterium, Atopobium vaginaе, Mobiluncus spp., Megasphaera, Sneathia, Leptotrichia spp., Sneathia spp., Mycoplasma hominis, Ureaplasma urealyticum, Streptococcus viridians). На современном этапе признается ведущая роль Gardnerella vaginalis и Atopobium vaginae в этиопатогенезе бактериального вагиноза.\nВ структуре биоценоза влагалища здоровых женщин насчитывается более 40 видов микроорганизмов. Доминируют Lactobacillus (90-95%), остальные 5-10% представлены облигатными анаэробными и, в меньшей степени, факультативно-анаэробными, аэробными и микроаэрофильными бактериями. Концентрация аэробов во влагалище в 10 раз ниже, чем анаэробов.\nВ здоровой экосистеме влагалища существует несколько механизмов защиты от инфекций: вагинальный эпителий, микробиота влагалища (перекись-продуцирующие лактобактерии), гуморальный и клеточный иммунитет. Эстрогены индуцируют накопление в вагинальном эпителии гликогена, являющегося метаболическим субстратом для лактобактерий, а также стимулируют формирование рецепторов к лактобактериям на эпителиальных клетках. Лактобактерии расщепляют гликоген с образованием молочной кислоты, обеспечивающей кислую среду во влагалище (pH 4,0–4,5), и перекиси водорода – естественного антисептика. Кроме того, лактобактерии конкурируют с другими микроорганизмами за возможность адгезии к клеткам влагалищного эпителия. Уровень иммунного ответа регулируется степенью интенсивности антигенного раздражения слизистых оболочек ацидофильной микробиотой. Лактобактерии активируют TLR-рецепторы эпителиальных клеток, распознающие различные микроорганизмы, что приводит к выработке провоспалительных цитокинов в количествах, достаточных для контроля над размножением нежелательной микробиоты.\nПри недостатке лактобактерий снижается концентрация молочной кислоты, рН влагалища сдвигается в щелочную сторону. Освободившуюся от лактобактерий нишу занимает G.vaginalis в синергизме с анаэробами. G.vaginalis вырабатывает ваголизин, действующий на эпителий влагалища цитотоксически и усиливающий активность гарднерелл более чем в 250 раз. Кроме того, G.vaginalis в ассоциации с Lactobacterium iners могут вырабатывают цитолизин, разрушающий клетки влагалищного эпителия, и проявляют агрессивные свойства, нетипичные для нормальной микробиоты.\nВследствие интенсивного разрушения клеток вагинального эпителия (цитолиз) избыточные углеводы становятся субстратом для синтеза жирных кислот с короткой углеводной цепью (С3-С6) – маркерных метаболитов бактериального вагиноза. Формируется замкнутый круг: пул свободной глюкозы истощается, запасы гликогена не восполняются, деструкция эпителиальных клеток влагалища усиливается, рН смещается в щелочную сторону. Маркерные метаболиты БВ обладают иммуномодулирующим эффектом, препятствуя развитию воспалительной реакции.\nПоследние данные показали, что бактериальный вагиноз связан с развитием сцепленной полимикробной биопленки, содержащей большое количество G.vaginalis и меньшее число бактерий, ассоциированных с бактериальным вагинозом. К особенностям такого бактериального вагиноза относят: затяжное течение процесса, склонность к хронизации, повышенную вероятность диссеминации возбудителя, неэффективность традиционной терапии.\nБактериальный вагиноз выявляют преимущественно у женщин репродуктивного возраста. Заболевание не представляет непосредственной опасности для жизни женщины, однако является фактором риска развития осложнений беременности: самопроизвольных абортов, внутриамниотической инфекции, преждевременного излития околоплодных вод, преждевременных родов, рождения детей с низкой массой тела. У женщин с бактериальным вагинозом могут развиваться эндометрит и сепсис после кесарева сечения. В настоящее время бактериальный вагиноз рассматривается как одна из причин развития инфекционных осложнений после гинекологических операций и абортов, воспалительных заболеваний органов малого таза (ВЗОМТ), перитонита, абсцессов органов малого таза при введении внутриматочных контрацептивов. Длительное течение бактериального вагиноза является одним из факторов риска развития неоплазий шейки матки, а также повышенной восприимчивости к инфекциям, передаваемым половым путем, особенно к ВИЧ-инфекции и генитальному герпесу."
        },
        {
            "name": "1.3 Эпидемиология заболевания или состояния (группы заболеваний или состояний)",
            "text": "По данным мировой статистики, бактериальный вагиноз занимает одно из первых мест среди заболеваний влагалища. Частота его распространения в популяции колеблется от 12% до 80% и зависит от контингента обследованных женщин. Бактериальный вагиноз развивается преимущественно у женщин репродуктивного возраста: у 80-87% женщин c патологическими вагинальными выделениями и 37-40% беременных."
        },
        {
            "name": "1.4 Особенности кодирования заболевания или состояния (группы заболеваний или состояний) по Международной статической класификации болезней и проблем, связанных со здоровьем",
            "text": "N89 – Другие невоспалительные болезни влагалища."
        },
        {
            "name": "1.5 Классификация заболевания или состояния (группы заболеваний или состояний)",
            "text": "Отсутствует."
        },
        {
            "name": "1.6 Клиническая картина заболевания или состояния (группы заболеваний или состояний)",
            "text": "Субъективные симптомы:\n-гомогенные беловато-серые выделения из половых путей, часто с неприятным «рыбным» запахом, усиливающиеся после незащищенного полового акта, проведения гигиенических процедур с использованием мыла, после менструации;\n-дискомфорт в области наружных половых органов;\n-болезненность во время половых контактов (диспареуния);\n-редко - зуд и/или жжение в области половых органов;\n-редко - зуд, жжение, болезненность при мочеиспускании (дизурия).\nОбъективные симптомы:\n-гомогенные беловато-серые вагинальные выделения густой консистенции, равномерно распределяющиеся по слизистой оболочке вульвы и влагалища.\nУ пациенток симптомы воспалительной реакции со стороны половых органов отсутствуют."
        },
        {
            "name": "2. Диагностика заболевания или состояния (группы заболеваний или состояний) медицинские показания и противопоказания к применению методов диагностики",
            "text": "Диагноз бактериальный вагиноз устанавливается на основании совокупности данных клинических проявлений и данных лабораторного обследования (микроскопическое исследование отделяемого женских половых органов, окрашенного по Граму) – обнаружение «ключевых клеток»."
        },
        {
            "name": "2.1 Жалобы и анамнез",
            "text": "Пациентки предъявляют жалобы на патологические выделения из половых путей с неприятным запахом, усиливающиеся после незащищенного полового акта, проведения гигиенических процедур с использованием мыла и/или после менструации; возможен дискомфорт в области наружных половых органов."
        },
        {
            "name": "2.2 Физикальное обследование",
            "text": "Объективные симптомы:\n- при осмотре наружных половых органов возможно наличие свободных гомогенных выделений;\n- при осмотре с помощью зеркала Куско визуализируются гомогенные беловато-серые вагинальные выделения густой консистенции, равномерно распределяющиеся по слизистой оболочке вульвы и влагалища;\n- воспалительная реакция со стороны половых органов отсутствует."
        },
        {
            "name": "2.3 Лабораторные диагностические исследования",
            "text": "Рекомендовано осуществлять верификацию диагноза бактериального вагиноза на основании результатов лабораторных исследований микроскопическим методом, направленным на выявление «ключевых» клеток: микроскопическое исследование отделяемого женских половых органов на аэробные и факультативно-анаэробные микроорганизмы [50,51].\nУровень убедительности рекомендаций А­ (уровень достоверности доказательств – 2)\nРекомендовано с целью определения видового и количественного состава микробиоты влагалища микробиологические исследования и/или определение ДНК Gardnerella vaginalis, Atopobium vaginae, Lactobacillus spp. и общего количества бактерий во влагалищном отделяемом методом ПЦР (количественное исследование), ассоциированных с бактериальным вагинозом, в частности, трудно культивируемых, с использованием тест-систем, разрешенных к медицинскому применению в Российской Федерации [52,53,62,63].\nУровень убедительности рекомендаций А­ (уровень достоверности доказательств – 2)\nКомментарии: при микроскопическом исследовании, кроме выявления «ключевых» клеток, необходимо отмечать уменьшение количества или исчезновение лактобацилл; увеличение количества смешанной микробной (не лактобациллярной) микробиоты; отсутствие местной лейкоцитарной реакции. Культуральное исследование может применяться для определения видового и количественного состава микробиоты влагалища (микробиологическое (культуральное) исследование отделяемого женских половых органов на аэробные и факультативно-анаэробные микроорганизмы). Для оценки результатов микроскопического и культурального исследования используется комплексная система выявления нарушения микробиоты влагалища «Интегральная оценка состояния микробиоты влагалища. Диагностика оппортунистических инфекций»."
        },
        {
            "name": "2.4 Инструментальные диагностические исследования",
            "text": "Не применяется."
        },
        {
            "name": "2.5 Иные диагностические исследования",
            "text": "Рекомендовано определение концентрации водородных ионов (рН) отделяемого слизистой оболочки влагалища (проведение рН-метрии отделяемого влагалища при помощи лакмусовой бумаги). При бактериальном вагинозе рН выше 4,5 [54,64].\nУровень убедительности рекомендаций ­А (уровень достоверности доказательств – 3)\nРекомендовано проведение аминотеста: нанесение отделяемого влагалища на предметное стекло и добавление к нему 10% раствора КОН. Аминотест при бактериальном вагинозе положительный: появляется или усиливается неприятный «рыбный» запах [59,62].\nУровень убедительности рекомендаций ­С (уровень достоверности доказательств – 5)\nКомментарии: диагноз бактериального вагиноза устанавливается на основании выявления трех из четырех критериев Amsel:\n- гомогенные беловато-серые выделения из половых путей, с неприятным «рыбным» запахом;\n- рН влагалищных выделений выше 4,5;\n- положительный аминотест;\n- выявление «ключевых» клеток при микроскопии влагалищных выделений\nРекомендовано назначение консультации врача акушера-гинеколога при ведении беременных с бактериальным вагинозом и при сопутствующем воспалительном процессе органов малого таза [55,56].\nУровень убедительности рекомендаций - С (уровень достоверности доказательств – 4).\nРекомендовано консультация врача-эндокринолога в случае частого рецидивирования бактериального вагиноза с целью исключения сопутствующих заболеваний (состояний), которые могут способствовать нарушению нормальной вагинальной микробиоты [57,58].\nУровень убедительности рекомендаций - С (уровень достоверности доказательств – 5)"
        },
        {
            "name": "3. Лечение, включая медикаментозную и немедикаментозную терапии, диетотерапию, обезболивание, медицинские показания и противопоказания к применению методов лечения",
            "text": "",
            "nested_objects": [
                {
                    "name": "3.1 Консервативное лечение",
                    "text": "Лечение бактериального вагиноза осуществляется препаратами группы нитроимидазола производные и клиндамицин с целью исчезновения или снижения количества «ключевых» клеток при микроскопическом исследовании влагалищного отделяемого при контрольном обследовании и достижения клинического выздоровления.\nРекомендовано для лечения бактериального вагиноза у взрослых назначать препараты группы нитроимидазола производные и клиндамицин для интравагинального применения:\nклиндамицин, крем 2% 5,0 г интравагинально 1 раз в сутки (на ночь) в течение 7 дней [10, 13, 17-20]\nУровень убедительности рекомендаций А (уровень достоверности доказательств 2)\nили\nметронидазол, гель вагинальный по 5,0 г интравагинально 2 раза в сутки в течение 5 дней [10, 13, 17, 12-23]\nУровень убедительности рекомендаций С (уровень достоверности доказательств 5)\nили\nклиндамицин, суппозитории вагинальные 100 мг интравагинально 1 раз в сутки (на ночь) в течение 3 дней [31]\nУровень убедительности рекомендаций В (уровень достоверности доказательств 2)\nРекомендовано для лечения бактериального вагиноза у взрослых назначать препараты группы нитроимидазола производные и клиндамицин** внутрь:\n#метронидазол** 500 мг перорально 2 раза в сутки в течение 7 дней [10, 13, 20, 21, 24-27]\nУровень убедительности рекомендаций А (уровень достоверности доказательств 1)\nили\n#тинидазол 2,0 г перорально 1 раз в сутки в течение 3 дней [10,28-30,65].\nУровень убедительности рекомендаций С (уровень достоверности доказательств 5)\nили\n#клиндамицин** 300 мг перорально 2 раза в сутки в течение 7 дней [10, 14]\nУровень убедительности рекомендаций С (уровень достоверности доказательств 5)\nили\n#тинидазол 1,0 г перорально 1 раз в сутки в течение 5 дней [32]\nУровень убедительности рекомендаций В (уровень достоверности доказательств 2)\nРекомендовано для лечения бактериального вагиноза у беременных:\n#метронидазол** 500 мг перорально 2 раза в сутки в течение 7 дней, назначается со второго триместра беременности [10-36].\nУровень убедительности рекомендаций А (уровень достоверности доказательств 2)\nили\n#метронидазол** 250 мг перорально 3 раза в сутки в течение 7 дней, назначается со второго триместра беременности. [33-36]\nУровень убедительности рекомендаций А (уровень достоверности доказательств 2)\nили\n#клиндамицин** 300 мг перорально 2 раза в сутки в течение 7 дней. [37, 38].\nУровень убедительности рекомендаций А (уровень достоверности доказательств 1)\nРекомендовано для лечения бактериального вагиноза у детей:\n#метронидазол** 10 мг на кг массы тела перорально 3 раза в сутки в течение 5 дней [39, 66, 67].\nУровень убедительности рекомендаций С (уровень достоверности доказательств 3)"
                },
                {
                    "name": "3.2 Хирургическое лечение",
                    "text": "Не применяется."
                },
                {
                    "name": "3.3 Иное лечение",
                    "text": "Диетотерапия не применяется.\nОбезболивание не применяется."
                }
            ]
        },
        {
            "name": "4. Медицинская реабилитация, медицинские показания и противопоказания к применению методов реабилитации",
            "text": "Не применяется."
        },
        {
            "name": "5. Профилактика и диспансерное наблюдение, медицинские показания и противопоказания к применению методов профилактики",
            "text": "Установление излеченности бактериального вагиноза на основании микроскопического метода проводится через 14 дней после окончания лечения. При отрицательных результатах обследования пациентки дальнейшему наблюдению не подлежат.\nВрач должен рекомендовать пациентке в период лечения и диспансерного наблюдения воздержаться от половых контактов или использовать барьерные методы контрацепции до установления излеченности.\nПрофилактика:\n-соблюдение правил личной и половой гигиены;\n-исключение случайных половых контактов и частой смены половых партнеров;\n- использование средств барьерной контрацепции;\n-исключение бесконтрольного и частого употребления антибактериальных, противогрибковых препаратов системного действия и гормональных препаратов системного действия,\n-исключение влагалищных душей, спринцеваний;\n-исключение длительного использования внутриматочных средств и влагалищных диафрагм,\n-отказ от тесного синтетического белья и регулярного использования гигиенических прокладок.\nПри отсутствии эффекта от лечения рекомендуется назначение иных препаратов или методик лечения.\nРекомендовано в целях профилактики рецидивов бактериального вагиноза, после проведения терапии применение других антисептиков и противомикробных препаратов для лечения гинекологических заболеваний (вагинальных пробиотических препаратов, содержащих лактобактерии, например, Lactobacillus Casei Rhamnosus) [60,61].\nУровень убедительности рекомендаций А (уровень достоверности доказательств 2)"
        },
        {
            "name": "6. Организация оказания медицинской помощи",
            "text": "Лечение бактериального вагиноза осуществляется в амбулаторных условиях."
        },
        {
            "name": "7. Дополнительная информация (в том числе факторы, влияющие на исход заболевания или состояния)",
            "text": "Следует учитывать экзогенные и эндогенные факторы риска развития бактериального вагиноза:\nК эндогенным факторам риска развития бактериального вагиноза относятся: гормональные изменения (возрастные – в пубертатном периоде и менопаузе; при патологии беременности; в послеродовом и послеабортном периодах), гипотрофия и атрофия слизистой оболочки влагалища, наличие кист и полипов стенок влагалища, гименальной области, нарушения рецепторной функции вагинального эпителия, антагонизм между вагинальными микроорганизмами, снижение концентрации перекиси водорода в вагинальной среде за счёт уменьшения концентрации лактобацилл и др.\nК экзогенным факторам риска развития бактериального вагиноза относятся: инфицирование возбудителями инфекций, передаваемых половым путем, и колонизация половых путей генитальными микоплазмами, лекарственная терапия (антибактериальными препаратами системного действия, цитостатическими противоопухолевыми препаратами, глюкокортикостероидами, протимикробными препаратами системного действия), лучевая терапия; присутствие инородных тел во влагалище и матке; пороки развития половых органов или их деформации после родов и хирургических вмешательств; нарушение гигиены половых органов, в том числе, частое применение спринцеваний и вагинальных душей; использование интравагинальных контрацептивов, в том числе спермицидов."
        },
        {
            "name": "Критерии оценки качества медицинской помощи",
            "text": "",
            "tables": [
                {
                    "name": "Критерии оценки качества медицинской помощи",
                    "html": "<table><thead><tr><th><p><strong>№</strong></p></th><th><p><strong>Критерии качества</strong></p></th><th><p><strong>Уровень достоверности доказательств</strong></p></th><th><p><strong>Уровень убедительности доказательств</strong></p></th></tr></thead><tbody><tr><td><p>1</p></td><td><p>Проведено подтверждение диагноза тремя из 4-х критериев Amsel (выделения из влагалища  гомогенные, беловато-серые, с неприятным запахом; рН вагинального отделяемого > 4,5; положительный результат аминотеста; наличие «ключевых» клеток)</p></td><td><p>1</p></td><td><p>А</p></td></tr><tr><td><p>2</p></td><td><p>Проведена терапия клиндамицином или метронидазолом или тинидазолом</p></td><td><p>4</p></td><td><p>С</p></td></tr><tr><td><p>3</p></td><td><p>Достигнуто исчезновение или снижение количества «ключевых» клеток при микроскопическом исследовании влагалищного отделяемого при контрольном обследовании</p></td><td><p>4</p></td><td><p>С</p></td></tr><tr><td><p>4</p></td><td><p>Достигнуто исчезновение клинических симптомов заболевания (клиническое выздоровление)</p></td><td><p>4</p></td><td><p>С</p></td></tr></tbody></table>",
                    "csv": [
                        "№,Критерии качества,Уровень достоверности доказательств,Уровень убедительности доказательств\r",
                        "1,\"Проведено подтверждение диагноза тремя из 4-х критериев Amsel (выделения из влагалища гомогенные, беловато-серые, с неприятным запахом; рН вагинального отделяемого > 4.5; положительный результат аминотеста; наличие «ключевых» клеток)\",1,А\r",
                        "2,Проведена терапия клиндамицином или метронидазолом или тинидазолом,4,С\r",
                        "3,Достигнуто исчезновение или снижение количества «ключевых» клеток при микроскопическом исследовании влагалищного отделяемого при контрольном обследовании,4,С\r",
                        "4,Достигнуто исчезновение клинических симптомов заболевания (клиническое выздоровление),4,С\r",
                        ""
                    ]
                }
            ]
        },
        {
            "name": "Список литературы",
            "text": [
                "1. Акушерство и гинекология. Клинические рекомендации. – 3­е изд., испр. и доп. / Г.М. Савельева, В.Н. Серов, Г.Т. Сухих. – М.: ГЭОТАР­Медиа. 2009. – 880 с.",
                "2. Гинекология. Национальное руководство/ В.И. Кулаков, Г.М. Савельева, И.Б. Манухин. – М.: ГЭОТАР­Медиа, 2011. – 1072 с.",
                "3. Диагностика и лечение заболеваний, сопровождающихся патологическими выделениями из половых путей женщин// Клинические рекомендации под ред. В.Н.Прилепской и соавт. – Москва, 2013. – 50стр.",
                "4. Ефимов Б.А., Тютюнник В.Л., Бактериальный вагиноз: современный взгляд на проблему // РМЖ. – 2008. – Т. 16, № 1. – С. 18–22.",
                "5. Atashili J., Poole C., Ndumbe P.M. et al. Bacterial vaginosis and HIV acquisition: a meta­analysis of published studies // AIDS. – 2008. – N 22. – P. 1493–1501.",
                "6. Chohan V.H., Baeten J., Benki S. et al. A prospective study of risk factors for herpes simplex virus Type 2 Acquisition among high­risk HIV­1 Sero­ negative Kenyan Women // Sex Transm. Infect. – 2009. – N 85. – P. 489–492.",
                "7. Gallo M.F., Warner L., Macaluso M. et al. Risk factors for incident herpes simplex type 2 virus infection among women attending a sexually transmitted disease clinic // Sex Transm. Dis. – 2008. – N 35. – P. 679–685.",
                "8. Kaul R., Nagelkerke N.J., Kimani J. et al. Prevalent herpes simplex virus type 2 infection is associated with altered vaginal fora and an increased susceptibility to multiple sexually transmitted infections// J. Infect. Dis. – 2007. – N 196. – P. 1692–1697.",
                "9. Schwebke J.R. Abnormal vaginal flora as a biological risk factor for acquisition of HIV infection and sexually transmitted diseases // J. Infect. Dis. – 2005. – N 192. – P. 1315–1317.",
                "10. Sherrard J., Donders G., White D. European (IUSTI/WHO) Guideline on the Management of Vaginal Discharge // Int. J. STD AIDS. – 2011. – N 22. – P. 421–429.",
                "11.World Health Organization. Global Prevalence and Incidence of Selected Curable Sexually Transmitted Infections: Overviews and Estimates. WHO/ HIV_AIDS/2001.02. – Geneva: World Health Organization. 2001.",
                "12. Burton J.P., Devillard E., Cadieux P.A., Hammond J.A., Reid G. Detection of Atopobium vaginae in postmenstrual women by cultivation-independent methods warrants further investigation. Journal of clinical microbiology. Apr. 2004, p. 1829-1931.",
                "13. Ferris D.G. et al. Treatment of bacterial vaginosis: a comparison of oral metronidazole, metronidazole vaginal gel, and clindamycin vaginal cream// JAMA. – 1992. – v.268, N 1. – P. 92-95.",
                "14. Wilson J. Managing recurrent bacterial vaginosis. Sex transmitted infections.2004 Feb; 80(1):8-11.",
                "15. Радзинский В.Е., Хамошина М.Б., Календжян А.С. и др. Эффективная коррекция нарушений биоценоза влагалища вне и во время беременности: почему это важно и что нового? //Доктор.Ру. (Гинекология). – 2010. – № 7 (58). – Ч. 1. – С. 20–26.",
                "16. Mastromarino P. et al. Effectiveness of Lactobacillus-containing vaginal tablets in the treatment of symptomatic bacterial vaginosis// Clin Microbiol Infect. – 2009. – N15. – P. 67-74.",
                "17. Nyirjesy P. et al. The effects of intravaginal clindamycin and metronidazole therapy on vaginal lactobacilli in patients with BV// Am Journ of Obstetr and Gynecol. – 2006. – v. 194. – P. 1277 – 1282.",
                "18. Workowski K., Berman S. Sexually Transmitted Diseases Treatment Guidelines, 2010 // MMWR. – 2010. – Vol. 59 (RR12). – P. 1–110. URL: http://www.cdc.gov/mmwr.",
                "19. Рахматулина М.Р. Опыт применения 5-нитроимидазолов в терапии бактериального вагиноза. Российский вестник акушера-гинеколога 2015. - №6. – С.92-97",
                "20. Hanson J.M. et.al. Metronidazole for bacterial vaginosis. A comparison of vaginal gel vs. oral therapy// J Fam Pract. – 1995/ - v.41, N5/ - P. 443-449.",
                "21. Lugo-Miro V.I. et al. Comparison of different metronidazole therapeutic regimens for bacterial vaginosis. A meta-analysis// Am J Obstet Gynecol. – 1993. – v.169, N 2, Pt 2. – P. 446-449.",
                "22. Sanchez S. et al. Intravaginal metronidazole gel versus metronidazole plus nistatin ovules for BV: a randomized controlled trial// Amer Journ of Obstetr and Gynecol. – 2004. – v. 191. – P. 1898 – 1906.",
                "23. Sobel J., Ferris D., Schwebke J. et al. Suppressive antibacterial therapy with 0,75% metronidazole vaginal gel to prevent recurrent bacterial vaginosis // Am. J. Obstet. Gynecol. – 2006. – N 194. – P. 1283–1289.",
                "24. Cardamakis E. et al. Prospective randomized trial of ornidazole versus metronidazole for BV therapy //International Journal of Experimental and Clinical Chemotherapy. – 1992. - vol.5, N.3. – P. 153-157.",
                "25. Larsson P.G., Platz­Christensen J.J., Thejls H. et al. Incidence of pelvic infammatory disease after first­trimester legal abortion in women with bacterial vaginosis after treatment with metronidazole: a double­blind, randomized study // Am. J. Obstet. Gynecol. – 1992. – N 166 (1 Pt. 1). – P. 100–103.",
                "26. Рахматулина М.Р. Диагностические и терапевтические аспекты ведения пациенток с бактериальным вагинозом. Гинекология. – 2012. – Т.14. - №4. – С.27-32.",
                "27. Рахматулина М.Р., Плахова К.И. Бактериальный вагиноз, ассоциированный с Atopobium vaginae. Акушерство и гинекология. – 2012.- №3. – 88- 92.",
                "28. Thulkar J, Kriplani A, Agarwal N. A comparative study of oral single dose of metronidazole, tinidazole, secnidazole and ornidazole in bacterial vaginosis. Indian J Pharmacol. 2012 Mar;44(2):243-5",
                "29. Martinez RC, Franceschini SA, Patta MC, Quintana SM, Gomes BC, De Martinis EC, Reid G. Improved cure of bacterial vaginosis with single dose of tinidazole (2 g), Lactobacillus rhamnosus GR-1, and Lactobacillus reuteri RC-14: a randomized, double-blind, placebo-controlled trial. Can J Microbiol. 2009 Feb;55(2):133-8.",
                "30. Patel Y, Gopalan S, Bagga R, Sharma M, Chopra S, Sethi S. A randomized trial comparing a polyherbal pessary (a complementary and alternative medicine) with Ginlac-V pessary (containing clotrimazole, tinidazole and lactobacilli) for treatment of women with symptomatic vaginal discharge. Arch Gynecol Obstet. 2008 Oct;278(4):341-7. doi: 10.1007/s00404-008-0568-9. Epub 2008 Jan 31.",
                "31. Sobel J, Peipert JF, McGregor JA, et al. Efficacy of clindamycin vaginal ovule (3-day treatment) vs. clindamycin vaginal cream (7-day treatment) in bacterial vaginosis. Infect Dis Obstet Gynecol 2001;9:9–15.",
                "32. Livengood CH, Ferris DG, Wiesenfeld HC, Hillier SL, Soper DE, Nyirjesy P, Marrazzo J, Chatwani A, Fine P, Sobel J, Taylor SN, Wood L, Kanalas JJ. Effectiveness of two tinidazole regimens in treatment of bacterial vaginosis: a randomized controlled trial. Obstet Gynecol. 2007 Aug;110 (2 Pt 1):302-9.",
                "33. Hauth JC, Goldenberg RL, Andrews WW, et al. Reduced incidence of preterm delivery with metronidazole and erythromycin in women with bacterial vaginosis. N Engl J Med 1995;333:1732–6.",
                "34. Morales WJ, Schorr S, Albritton J. Effect of metronidazole in patients with preterm birth in preceding pregnancy and bacterial vaginosis: a placebo-controlled, double-blind study. Am J Obstet Gynecol 1994;171:345–9.",
                "35. Yudin MH, Landers DV, Meyn L, et al. Clinical and cervical cytokine response to treatment with oral or vaginal metronidazole for bacterial vaginosis during pregnancy: a randomized trial. Obstet Gynecol 2003;102:527–34.",
                "36. Burtin P, Taddio A, Ariburnu O, et al. Safety of metronidazole in pregnancy: a meta-analysis. Am J Obstet Gynecol 1995;172(2 Pt 1):525–9.",
                "37. Ugwumadu A, Reid F, Hay P, et al. Natural history of bacterial vaginosis and intermediate flora in pregnancy and effect of oral clindamycin. Obstet Gynecol 2004;104:114–9.",
                "38. Lamont RF, Nhan-Chang CL, Sobel JD, et al. Treatment of abnormal vaginal flora in early pregnancy with clindamycin for the prevention of spontaneous preterm birth: a systematic review and metaanalysis. Am J Obstet Gynecol 2011;205:177–90.",
                "39. Ведение больных больных с инфекциями, передаваемыми половым путем, и урогенитальными инфекциями: Клинические рекомендации. Российское общество дерматовенерологов и косметологов. – М.: Деловой экспресс, 2012. – 112 с.",
                "40. Федеральные клинические рекомендации РОДВК и РОАГ по ведению больных с бактериальным вагинозом, 2015г. - http://www.cnikvi.ru/docs/clinic_recs/infektsii-peredavaemye-polovym-putem/",
                "41. Анкирская А.С., Муравьева В.В. Интегральная оценка состояния микробиоты влагалища. Диагностика оппортунистических вагинитов (медицинская технология) – М.:Б/И, 2011.",
                "42. Alves P., Castro J., Sousa C., Cereija T.B., Cerca N. Gardnerellavaginalis outcompetes 29 other bacterial species isolated from patients with bacterial vaginosis, using in an in vitro biofilm formation model // J Infect Dis. 2014 Aug 15; 210(4):593-6.",
                "43. Bradshaw C.S., Brotman R.M. Making inroads into improving treatment of bacterial vaginosis - striving for long-term cure // BMC Infect Dis. 2015 Jul 29;15:292.",
                "44. Fredricks D.N., Fiedler T.L., Marrazzo J.M.Molecular identification of bacteria associated with bacterial vaginosis // N Engl J Med. 2005 Nov 3;353(18):1899-911.",
                "45. Gelber S.E., Aguilar J.L., Lewis K.L.T., RatnerA.J. Functional and phylogenetic characterization of vaginolysin, the human-specific cytolysin from Gardnerellavaginalis // J. Bacteriol. 2008. Vol. 190. P. 3896–3903.",
                "46. Jason Lloyd-Price, Galeb Abu-Ali, and Curtis HuttenhowerThe healthy human microbiome // Genome Med. 2016; 8: 51. Published online 2016 Apr 27.",
                "47. Mehta S.D. Systematic review of randomized trials of treatment of male sexual partners for improved bacteria vaginosis outcomes in women//Sex Transm Dis. 2012 Oct;39(10):822-30.",
                "48. Mirmonsef P., Gilbert D., Zariffard M.R. etal.The effects of commensal bacteria on innate immuneresponses in the female genital tract // Am. J.Reprod. Immunol. 2011. Vol. 65. P. 190–195.",
                "49. Muzny C.A., Schwebke J.R. Biofilms: An Underappreciated Mechanism of Treatment Failure and Recurrence in Vaginal Infections// Clin Infect Dis. 2015 Aug 15;61(4):601-6.",
                "50. Шалепо К.В., Назарова В.В., Менухова Ю.Н., и др. Оценка современных методов лабораторной диагностики бактериального вагиноза // Журнал акушерства и женских болезней. - 2014. - № 1. - С. 26-32. [Shalepo KV, Nazarova VV, Menuhova JN, et al. Ocenka sovremennyh metodov laboratornoj diagnostiki bakterial\"nogo vaginoza. Zhurnal akusherstva izhenskih boleznej. 2014;1:26-32. (In Russ).]",
                "51. Modak T, Arora P, Agnes C, et al. Diagnosis of bacterial vaginosis in cases of abnormal vaginal discharge: comparison of clinical and microbiological criteria. J Infect Dev Ctries. 2011;5(5):353-360.",
                "52. Fredricks DN, Fiedler TL, Thomas KK, et al. Targeted PCR for detection of vaginal bacteria associated with bacterial vaginosis. J Clin Microbiol 2007;45:3270–6.",
                "53. Cartwright CP, Lembke BD, Ramachandran K, et al. Development and validation of a semiquantitative, multitarget PCR assay for diagnosis of bacterial vaginosis. J Clin Microbiol 2012;50:2321–9.",
                "54. Murtazina, Z. & Yashchuk, A. & Galimov, R. & Dautova, L. & Tsvetkova, Angela. (2017). Office diagnosis of bacterial vaginosis by hardware topographic pH-metry. Rossiiskii vestnik akushera-ginekologa. 17. 54. 10.17116/rosakush201717454-58.",
                "55. Allsworth JE, Peipert JF. Severity of bacterial vaginosis and the risk of sexually transmitted infection. Am J Obstet Gynecol. 2011;205(2):113.e1-6. doi: 10.1016/j. ajog.2011.02.060.",
                "56. Haggerty CL, Totten PA, Tang G, et al. Identification of novel microbes associated with pelvic inflammatory disease and infertility. Sex Transm Infect. 2016. pii: sex-trans-2015-052285. doi: 10.1136/sextrans-2015-052285.",
                "57. Исхакова Т. Р., Муфтеева Г. Р., Муфтеева К. А. Общий нутритивный дефицит у женщин фертильного возраста как фон формирования бактериального вагиноза // Вопросы питания. 2018. №5 приложение.",
                "58.Коломыцева О. В. Анализ антропометрических показателей женщин школы здорового питания // Вопросы питания. 2018. №5 приложение.",
                "59. Nugent RP, Krohn MA, Hillier SL. Reliability of diagnosing bacterial vaginosis is improved by a standardized method of gram stain interpretation. J Clin Microbiol, 1991, 29(2): 297–301.",
                "60. L Petricevic, A Witt The role of Lactobacillus casei rhamnosus Lcr35 in restoring the normal vaginal flora afterantibiotic treatment of bacterial vaginosis. DOI: 10.1111/j.1471-0528.2008.01882.x",
                "61. Ziyue Wang 1,2,3,y, Yining He 1,4,5,y and Yingjie ZhengInt Probiotics for the Treatment of Bacterial Vaginosis: A Meta-Analysis. J. Environ. Res. Public Health 2019, 16, 3859; doi:10.3390/ijerph16203859.",
                "62. Пестрикова Ю. Т., Юрасова А. Е. , Котельникова В. А. , Князева Т.П. Современные подходы к верификации диагноза бактериального вагиноза и тактике ведения//РМЖ. Мать и дитя №2(I) от 28.02.2018 стр. 48-53.",
                "63. Цыденова Ц.Б. Диагностика и лечение бактериальных вагинозов (обзор литературы)// Бюллетень ВСНЦ со РАМН 2010",
                "64. Кира Е.Ф., Семенова К.Е., Маркарян А.М.Роль рН-метрии в диагностике",
                "вагинальных инфекций//Гинекология т 16 №2.",
                "65. Michael D Nailor and Jack D Sobel Tinidazole for bacterial vaginosis// Future Drugs Ltd 2007",
                "66. Малова И.О. Бактериальный вагиноз в детском возрасте: особенности течения и основные принципы лечения. // Вестник дерматологии и венерологии, 1999; 1: 38–42.67. Андреева В.О. Бактериальный вагиноз у подростков: современные подходы к лечению // Эффективная фармакотерапия. 2019. Т. 15. № 32. С. 12–16.",
                "67. Андреева В.О. Бактериальный вагиноз у подростков: современные подходы к лечению // Эффективная фармакотерапия. 2019. Т. 15. № 32. С. 12–16."
            ]
        },
        {
            "name": "Приложение А1. Состав рабочей группы по разработке и пересмотру клинических рекомендаций",
            "text": "1. Кубанов Алексей Алексеевич – член-корреспондент РАН, доктор медицинских наук, профессор, Президент Российского общества дерматовенерологов и косметологов.\n2. Серов Владимир Николаевич, академика РАН, доктор медицинских наук, профессор, президент Российского общества акушеров-гинекологов.\n3. Малова Ирина Олеговна – доктор медицинских наук, профессор, член Российского общества дерматовенерологов и косметологов.\n4. Рахматулина Маргарита Рафиковна – доктор медицинских наук, профессор, член Российского общества дерматовенерологов и косметологов.\n5. Плахова Ксения Ильинична – доктор медицинских наук, член Российского общества дерматовенерологов и косметологов.\n6. Аполихина Инна Анатольевна – доктор медицинских наук, профессор, член Российского общества акушеров-гинекологов.\n7. Припутневич Татьяна Валерьевна, доктор медицинских наук, заведующий отделом микробиологии и клинической фармакологии ФГБУ «Национальный медицинский исследовательский центр акушерства, гинекологии и перинатологии имени академика В.И. Кулакова» Министерства Здравоохранения РФ.\nКонфликт интересов:\nАвторы заявляют об отсутствии конфликта интересов."
        },
        {
            "name": "Приложение А2. Методология разработки клинических рекомендаций",
            "text": "Целевая аудитория данных клинических рекомендаций:\n1. Врачи-специалисты: дерматовенерологи, акушеры-гинекологи.\n2. Ординаторы и слушатели циклов повышения квалификации по указанной специальности.\nПорядок обновления клинических рекомендаций.\nМеханизм обновления клинических рекомендаций предусматривает их систематическую актуализацию – не реже чем один раз в три года, а также при появлении новых данных с позиции доказательной медицины по вопросам диагностики, лечения, профилактики и реабилитации конкретных заболеваний, наличии обоснованных дополнений/замечаний к ранее утверждённым клиническим рекомендациям, но не чаще 1 раза в 6 месяцев.",
            "tables": [
                {
                    "name": "Таблица 1. Шкала оценки уровней достоверности доказательств (УДД) для методов диагностики (диагностических вмешательств)",
                    "html": "<table><thead><tr><th><p><strong>УДД</strong></p></th><th><p><strong>Расшифровка</strong></p></th></tr></thead><tbody><tr><td><p>1</p></td><td><p>Систематические обзоры исследований с контролем референсным методом или систематический обзор рандомизированных клинических исследований с применением мета-анализа</p></td></tr><tr><td><p>2</p></td><td><p>Отдельные исследования с контролем референсным методом или отдельные рандомизированные клинические исследования и систематические обзоры исследований любого дизайна, за исключением рандомизированных клинических исследований, с применением мета-анализа</p></td></tr><tr><td><p>3</p></td><td><p>Исследования без последовательного контроля референсным методом или исследования с референсным методом, не являющимся независимым от исследуемого метода или нерандомизированные сравнительные исследования, в том числе когортные исследования</p></td></tr><tr><td><p>4</p></td><td><p>Несравнительные исследования, описание клинического случая</p></td></tr><tr><td><p>5</p></td><td><p>Имеется лишь обоснование механизма действия или мнение экспертов</p></td></tr></tbody></table>",
                    "csv": [
                        "УДД,Расшифровка\r",
                        "1,Систематические обзоры исследований с контролем референсным методом или систематический обзор рандомизированных клинических исследований с применением мета-анализа\r",
                        "2,\"Отдельные исследования с контролем референсным методом или отдельные рандомизированные клинические исследования и систематические обзоры исследований любого дизайна, за исключением рандомизированных клинических исследований, с применением мета-анализа\"\r",
                        "3,\"Исследования без последовательного контроля референсным методом или исследования с референсным методом, не являющимся независимым от исследуемого метода или нерандомизированные сравнительные исследования, в том числе когортные исследования\"\r",
                        "4,\"Несравнительные исследования, описание клинического случая\"\r",
                        "5,Имеется лишь обоснование механизма действия или мнение экспертов\r",
                        ""
                    ]
                },
                {
                    "name": "Таблица 2. Шкала оценки уровней достоверности доказательств (УДД) для методов профилактики, лечения и реабилитации (профилактических, лечебных, реабилитационных вмешательств)",
                    "html": "<table><thead><tr><th><p><strong>УДД</strong></p></th><th><p><strong> Расшифровка</strong></p></th></tr></thead><tbody><tr><td><p>1</p></td><td><p>Систематический обзор РКИ с применением мета-анализа</p></td></tr><tr><td><p>2</p></td><td><p>Отдельные РКИ и систематические обзоры исследований любого дизайна, за исключением РКИ, с применением мета-анализа</p></td></tr><tr><td><p>3</p></td><td><p>Нерандомизированные сравнительные исследования, в т.ч. когортные исследования</p></td></tr><tr><td><p>4</p></td><td><p>Несравнительные исследования, описание клинического случая или серии случаев, исследования «случай-контроль»</p></td></tr><tr><td><p>5</p></td><td><p>Имеется лишь обоснование механизма действия вмешательства (доклинические исследования) или мнение экспертов</p></td></tr></tbody></table>",
                    "csv": [
                        "УДД,Расшифровка\r",
                        "1,Систематический обзор РКИ с применением мета-анализа\r",
                        "2,\"Отдельные РКИ и систематические обзоры исследований любого дизайна, за исключением РКИ, с применением мета-анализа\"\r",
                        "3,\"Нерандомизированные сравнительные исследования, в т.ч. когортные исследования\"\r",
                        "4,\"Несравнительные исследования, описание клинического случая или серии случаев, исследования «случай-контроль»\"\r",
                        "5,Имеется лишь обоснование механизма действия вмешательства (доклинические исследования) или мнение экспертов\r",
                        ""
                    ]
                },
                {
                    "name": "Таблица 3. Шкала оценки уровней убедительности рекомендаций (УУР) для методов профилактики, диагностики, лечения и реабилитации (профилактических, диагностических, лечебных, реабилитационных вмешательств)",
                    "html": "<table><thead><tr><th><p><strong>УУР</strong></p></th><th><p><strong>Расшифровка</strong></p></th></tr></thead><tbody><tr><td><p>A</p></td><td><p>Сильная рекомендация (все рассматриваемые критерии эффективности (исходы) являются важными, все исследования имеют высокое или удовлетворительное методологическое качество, их выводы по интересующим исходам являются согласованными)</p></td></tr><tr><td><p>B</p></td><td><p>Условная рекомендация (не все рассматриваемые критерии эффективности (исходы) являются важными, не все исследования имеют высокое или удовлетворительное методологическое качество и/или их выводы по интересующим исходам не являются согласованными)</p></td></tr><tr><td><p>C</p></td><td><p>Слабая рекомендация (отсутствие доказательств надлежащего качества (все рассматриваемые критерии эффективности (исходы) являются неважными, все исследования имеют низкое методологическое качество и их выводы по интересующим исходам не являются согласованными)</p></td></tr></tbody></table>",
                    "csv": [
                        "УУР,Расшифровка\r",
                        "A,\"Сильная рекомендация (все рассматриваемые критерии эффективности (исходы) являются важными, все исследования имеют высокое или удовлетворительное методологическое качество, их выводы по интересующим исходам являются согласованными)\"\r",
                        "B,\"Условная рекомендация (не все рассматриваемые критерии эффективности (исходы) являются важными, не все исследования имеют высокое или удовлетворительное методологическое качество и/или их выводы по интересующим исходам не являются согласованными)\"\r",
                        "C,\"Слабая рекомендация (отсутствие доказательств надлежащего качества (все рассматриваемые критерии эффективности (исходы) являются неважными, все исследования имеют низкое методологическое качество и их выводы по интересующим исходам не являются согласованными)\"\r",
                        ""
                    ]
                }
            ]
        },
        {
            "name": "Приложение А3. Справочные материалы, включая соответствие показаний к применению и противопоказаний, способов применения и доз лекарственных препаратов, инструкции по применению лекарственного препарата",
            "text": "Данные клинические рекомендации разработаны с учётом следующих нормативно-правовых документов:\n1) Порядок оказания медицинской помощи по профилю «дерматовенерология», утвержденный Приказом Министерства здравоохранения Российской Федерации № 924н от 15 ноября 2012 г.\n2) Порядок оказания медицинской помощи по профилю «акушерство и гинекология», утвержденный Приказом Министерства здравоохранения Российской Федерации № 572н от 1 ноября 2012 г."
        },
        {
            "name": "Приложение Б. Алгоритмы действий врача",
            "text": "Блок-схема 1. Алгоритм ведения пациента\n"
        },
        {
            "name": "Приложение В. Информация для пациента",
            "text": "1. В период лечения и диспансерного наблюдения необходимо воздержаться от половых контактов или использовать барьерные методы контрацепции до установления излеченности.\n2. С целью установления излеченности необходима повторная явка к врачу для обследования через 14 дней после окончания лечения.\n3. Необходимо соблюдать правила личной и половой гигиены, избегать чрезмерного применения мыла, избегать частой смены половых партнеров и случайных половых связей.\n4. С целью предотвращения повторных эпизодов бактериального вагинозанеобходимо избегать бесконтрольного употребления антибактериальных и гормональных препаратов, своевременно лечить эндокринную патологию, фоновые гинекологические заболевания, заболевания желудочно-кишечного тракта, не злоупотреблять частыми спринцеваниями; отказаться от тесного синтетического белья и регулярного использования гигиенических прокладок."
        },
        {
            "name": "Приложение Г1-ГN. Шкалы оценки, вопросники и другие оценочные инструменты состояния пациента, приведенные в клинических рекомендациях",
            "text": "Отсутствуют."
        }
    ]
}