{
    "name": "Урогенитальные заболевания, вызванные Mycoplasma genitalium",
    "url": "https://cr.minzdrav.gov.ru/schema/216_1",
    "classification": [
        "A63.8"
    ],
    "approval_year": "2021",
    "age_category": "Взрослые",
    "revision_no_later": "2023",
    "id": "216",
    "clinical_guideline_developers": [
        "Общероссийская общественная организация \"Российское общество дерматовенерологов и косметологов\"",
        "Российское общество акушеров-гинекологов"
    ],
    "content": [
        "Ключевые слова",
        "Список сокращений",
        "Термины и определения",
        "1. Краткая информация",
        "2. Диагностика",
        "3. Лечение",
        "4. Реабилитация",
        "5. Профилактика",
        "6. Дополнительная информация, влияющая на течение и исход заболевания",
        "Критерии оценки качества медицинской помощи",
        "Список литературы",
        "Приложение А1. Состав рабочей группы",
        "Приложение А2. Методология разработки клинических рекомендаций",
        "Приложение А3. Связанные документы",
        "Приложение Б. Алгоритмы ведения пациента",
        "Приложение В. Информация для пациентов",
        "Приложение Г."
    ],
    "full_text": [
        {
            "name": "Ключевые слова",
            "text": ""
        },
        {
            "name": "Список сокращений",
            "text": "ВЗОМТ – воспалительные заболевания органов малого таза\nВОЗ – Всемирная Организация Здравоохранения\nИППП – инфекции, передаваемые половым путем\nИФА – иммуноферментный анализ\nМКБ – Международная классификация болезней\nПИФ – прямая иммунофлюоресценция\nПЦР – полимеразная цепная реакция\n**- препарат входит в список ЖНВЛП"
        },
        {
            "name": "Термины и определения",
            "text": "Mycoplasma genitalium – патогенный микроорганизм, строгий патоген, способный вызывать уретрит у лиц обоего пола, цервицит и воспалительные заболевания органов малого таза у женщин.\nИнфекции, передаваемые половым путем (ИППП) - группа заболеваний, передаваемых половым путем."
        },
        {
            "name": "1. Краткая информация",
            "text": "",
            "nested_objects": [
                {
                    "name": "1.1 Определение заболевания или состояния (группы заболеваний или состояний)",
                    "text": "Mycoplasma genitalium – патогенный микроорганизм, способный вызывать уретрит у лиц обоего пола, цервицит и воспалительные заболевания органов малого таза у женщин.\nMycoplasma hominis, Ureaplasma urealyticum, Ureaplasmaparvum – условно-патогенные микроорганизмы, которые при реализации своих патогенных свойств способны вызывать уретрит, цервицит, цистит, а также осложнения течения беременности, послеродовые и послеабортные осложнения."
                },
                {
                    "name": "1.2 Этиология и патогенез заболевания или состояния (группы заболеваний или состояний)",
                    "text": "Микоплазмы составляют особый обширный класс микроорганизмов - Mollicutes, отличительными чертами которых являются: малые размеры жизнеспособных частиц, близкие к размерам вирусов; отсутствие ригидной клеточной стенки; содержание в клетках ДНК и РНК; способность к культивированию на бесклеточных питательных средах; размножение путем бинарного деления; полиморфизм клеток. Отличительными чертами микоплазм являются: малые размеры жизнеспособных частиц, близкие к размерам вирусов; отсутствие ригидной клеточной стенки; способность к культивированию на бесклеточных питательных средах; размножение путем бинарного деления; полиморфизм клеток. Микоплазмы являются самыми мелкими самореплицирующими прокариотами.\nМорфология и размеры микоплазм варьируют в зависимости от возраста культуры, условий и сред культивирования. Микоплазмы относятся относится к царству Prokaryotae, отделу Tenericutes, классу Mollicutes, порядку Mycoplasmatales и семейству Mycoplasmataceae, и объединяют в род Mycoplasma. В этот род входят около 100 видов.Способны приводить к развитию воспалительных заболеваний урогениального тракта у мужчин и женщин следующие представители микоплазм:\nСтрогий патогенный микроорганизм Mycoplasmagenitalium.\nУсловно-патогенные: Mycoplasmahominis, Ureaplasmaurealyticum, Ureaplsmaparvum.\nMycoplasmagenitalium\nM. genitalium принадлежит к подвижным видам бактерий, имеет колбообразную форму и удлиненную терминальную структуру, используемую для обеспечения скользящего движения, внедрения в слои слизи, покрывающие эпителиальные клетки, прикрепления к поверхности клеток и проникновения в них. Способность M. genitalium к прикреплению к поверхности эукариотических клеток определяется рецепторами, которые содержат нейраминовую кислоту, что обусловливает выраженное цитопатогенное действие и формирование клеточного воспалительного ответа.\nM. genitalium имеет самую маленькую величину генома (600 т.п.н.) из всех микоплазм и других самореплицирующихся микроорганизмов, что обусловливает значительные сложности в ее изучении, связанные с трудностью культивирования (рост на питательных средах составляет от 1 до 5 месяцев). Высокая избирательность и требовательность M.genitaliumв отношении питательных сред объясняется малым количеством генов, принимающих участие в ферментном распаде питательных веществ, необходимых для репликации микроорганизма.\nM. genitalium обладают тропизмом к цилиндрическому эпителию и способны поражать слизистую оболочку уретры и цервикального канала. Инфицирование M. genitalium взрослых лиц происходит половым путем, детей – интранатальным и половым путями. Обсуждается вопрос об этиологической роли M. genitalium в развитии эпидидимита и простатита, но убедительных доказательств по данному вопросу на настоящий момент не получено.\nЭкспертами Всемирной организации здравоохранения (2006 г.) U. urealyticum определена как потенциальный возбудитель неспецифических негонококковых уретритов у мужчин и, возможно, воспалительных заболеваний органов малого таза у женщин. В то же время, эксперты Центра по контролю и профилактике заболеваний США (CDC, 2010) не считают доказанной этиологическую роль генитальных микоплазм (за исключением M. genitalium) в развитии воспалительных процессов мочеполовой системы."
                },
                {
                    "name": "1.3 Эпидемиология заболевания или состояния (группы заболеваний или состояний)",
                    "text": "Частота выявления M. genitalium у больных воспалительными заболеваниями мочеполовой системы составляет, по данным различных исследователей, от 10% до 45%. M. genitalium обнаруживают у 11,5-41,7% больных негонококковыми уретритами, у 3-54,5% больных негонококковыми нехламидийными уретритами и у 7-10% женщин с воспалительными заболеваниями органов малого таза."
                },
                {
                    "name": "1.4 Особенности кодирования заболевания или состояния (группы заболеваний или состояний) по Международной статистической классификации болезней и проблем, связанных со здоровьем",
                    "text": "A63.8 – Другие уточненные заболевания, передающиеся преимущественно половым путем.\nЭкспертами ВОЗ принадлежность M.genitalium к возбудителям ИППП была установлена лишь в 2016 году, в то время как Международная статистическая классификация болезней и проблем, связанных со здоровьем, десятого пересмотра (МКБ-10) утверждена ВОЗ значительно раньше. В связи с этим, для статистического учета M.genitalium- инфекции в настоящее время возможно использование шифра МКБ 10 «А63.8 Другие уточненные заболевания, передаваемые преимущественно половым путем» с дальнейшим указанием топического диагноза, представленного в соответствующих разделах МКБ-10:\nА63.8 + N34.1 Уретрит, вызванный M. genitalium\nА63.8 + N72 Цервицит, вызванный M. genitalium\nА63.8 + N70 Сальпингоофорит, вызванный M. genitaliu\nА63.8 + N71 Эндометрит, вызванный M. genitalium\nА63.8 + N45 Эпидидимит/орхит, вызванный M. genitalium\nА63.8 + N48.1 Баланопостит, вызванный M. genitalium"
                },
                {
                    "name": "1.5 Классификация заболевания или состояния (группы заболеваний или состояний)",
                    "text": "Общепринятой клинической классификации не существует. По локализации патологического процесса выделяют:\nНеосложненные клинические формы:\nУретрит, вызванныйM. genitalium. Цервицит, вызванныйM. genitalium.\nОсложненные клинически формы:\nСальпингоофорит, вызванный M. genitalium. Эндометрит, вызванный M. genitalium."
                },
                {
                    "name": "1.6 Клиническая картина заболевания или состояния (группы заболеваний или состояний)",
                    "text": "Неосложненные формы урогенитальных заболеваний, вызванных M. genitalium (уретрит, цервицит)\nБолее чем у 50% женщин отмечается субъективно асимптомное течение заболевания. При наличии клинических проявлений могут быть следующие субъективные симптомы: слизисто-гнойные выделения из уретры и/или половых путей; ациклические кровянистые выделения; болезненность во время половых контактов (диспареуния); зуд, жжение, болезненность при мочеиспускании (дизурия); дискомфорт или боль в нижней части живота.\nОбъективными симптомами заболеваний у женщин являются: гиперемия и отечность слизистой оболочки наружного отверстия мочеиспускательного канала, инфильтрация стенок уретры, слизистые или слизисто-гнойные выделения из уретры; отечность и гиперемия слизистой оболочки шейки матки, слизисто-гнойные выделения из цервикального канала.\nСубъективными симптомами заболевания у мужчин являются: слизисто-гнойные или слизистые необильные выделения из уретры; зуд, жжение, болезненность при мочеиспускании (дизурия); дискомфорт, зуд, жжение в области уретры; болезненность во время половых контактов (диспареуния); учащенное мочеиспускание и ургентные позывы на мочеиспускание (при проксимальном распространении воспалительного процесса); боли в промежности с иррадиацией в прямую кишку.\nОбъективными симптомами заболевания у мужчин являются: гиперемия и отечность слизистой оболочки наружного отверстия мочеиспускательного канала, инфильтрация стенок уретры; слизисто-гнойные или слизистые выделения из уретры.\nОсложненные формы урогенитальных заболеваний, вызванных M. genitalium\nСубъективными симптомами у женщин являются:\nсальпингоофорит: боль в области нижней части живота схваткообразного характера, слизисто-гнойные выделения из половых путей; при хроническом течении заболевания субъективные проявления менее выражены, отмечается нарушение менструального цикла; эндометрит: боль в нижней части живота, как правило, тянущего характера, слизисто-гнойные выделения из половых путей; при хроническом течении заболевания субъективные проявления менее выражены, нередко отмечаются межменструальные скудные кровянистые выделения.\nОбъективными симптомами у женщин являются:\nсальпингоофорит: при остром течении инфекционного процесса определяются увеличенные, резко болезненные маточные трубы и яичники, укорочение сводов влагалища, обильные слизисто-гнойные выделения из цервикального канала; при хроническом течении заболевания – незначительная болезненность, уплотнение маточных труб; эндометрит: при остром течении инфекционного процесса определяется болезненная, увеличенная матка мягковатой консистенции, обильные слизисто-гнойные выделения из цервикального канала; при хроническом течении заболевания – плотная консистенция и ограниченная подвижность матки."
                }
            ]
        },
        {
            "name": "2. Диагностика",
            "text": "Критерии установления диагноза.\nДиагноз заболеваний, вызванных M. genitalium, устанавливаетсяна основании обнаружения ДНК и/или РНК возбудителя в исследуемом клиническом материале урогенитального тракта молекулярно-биологическими методами.",
            "nested_objects": [
                {
                    "name": "2.1 Жалобы и анамнез",
                    "text": "Субъективные клинические проявления урогенитальных заболеваний, вызванных M. genitalium, описаны в разделе «Клиническая картина»."
                },
                {
                    "name": "2.2 Физикальное обследование",
                    "text": "Проводится осмотр кожных покровов наружных половых органов и аногенитальной области, видимых слизистых оболочек наружных половых органов и уретры, оценивается наличие свободных выделений и их характер, проводится пальпация уретры, а также регионарных лимфатических узлов.\nУ женщин: осмотр слизистых оболочек влагалища и видимой части шейки матки с помощью зеркала Куско; оценка выделений в заднем и задне-боковых сводах влагалища, выделений из цервикального канала; бимануальное влагалищное исследование.\nУ мужчин: пальпация органов мошонки, пальцевое ректальное исследование (по показаниям).\nОбъективные клинические проявления заболевания, выявляемые при физикальном обследовании, см. в разделе «Клиническая картина»."
                },
                {
                    "name": "2.3 Лабораторные диагностические исследования",
                    "text": "2.3.1. Диагностика инфекций, вызываемых M.genitalium\nДиагностика основывается на результатах лабораторных исследований молекулярно-биологическими методами, направленными на обнаружение молекулярно-биологическими методамиM.genitaliumв биологическом материале.\nЛабораторное исследование на M. genitalium рекомендуется проводить:\nлицам с клиническими и/или лабораторными признаками воспалительного процесса органов урогенитального тракта и репродуктивной системы; лицам с перинатальными потерями и бесплодием в анамнезе; половым партнёрам больных ИППП; лицам, перенесшим сексуальное насилие [61].\nУровень убедительности рекомендаций C(уровень достоверности доказательств –4)\nРекомендовано проводитьверификацию диагноза урогенитальных заболеваний, вызванных M. genitalium, на основании результатов лабораторных исследований молекулярно-биологическими методами с использованием тест-систем, разрешенных к медицинскому применению в Российской Федерации: молекулярно-биологическое исследование отделяемого слизистых оболочек женских половых органов на микоплазму гениталиум (Mycoplasma genitalium)и/или молекулярно-биологическое исследование спермы на микоплазму гениталиум (Mycoplasma genitalium) и/или молекулярно-биологическое исследование отделяемого из уретры на возбудителей инфекций, передаваемых половым путем (Mycoplasma genitalium) и /или молекулярно-биологическое исследование секрета простаты на микоплазму гениталиум (Mycoplasma genitalium) [62, 63].\nУровень убедительности рекомендаций B(уровень достоверности доказательств –2)\nКомментарии:Чувствительность методов составляет 98-100%, специфичность - 100%. На чувствительность исследования могут влиять различные ингибирующие факторы, вследствие чего предъявляются строгие требования к организации и режиму работы лаборатории для исключения контаминации клинического материала.\nДля получения достоверных результатов лабораторных исследований необходимо соблюдать следующие требования: получение клинического материала для идентификации M. genitalium не ранее, чем через месяц после окончания приема антимикробных препаратов получение клинического материала из уретры не ранее, чем через 3 часа после последнего мочеиспускания, при наличии обильных уретральных выделений – через 15-20 минут после мочеиспускания; получение клинического материала из цервикального канала и влагалища вне менструации; соблюдение условий доставки образцов в лабораторию.\nПри выраженных клинических проявлениях уретрита может быть использована первая порция мочи в качестве клинического материала для диагностики молекулярно-генетическими методами.\nНе используются другие методы лабораторных исследований, в том числе культурального метода, метода прямой иммунофлюоресценции (ПИФ), иммуноферментного анализа (ИФА) для обнаружения антител к M. genitalium. Не применяются биологические, химические и алиментарные провокации с целью повышения эффективности диагностики и лечения урогенитальных заболеваний, вызванных M. genitalium.\nРекомендовано всем пациентам обследование на сифилис, ВИЧ и вирусные гепатиты В, С для диагностики сопутствующей патологии [40-44]:\n1) Определение антител к бледной трепонеме (Treponema pallidum) иммуноферментным методом (ИФА) в крови) или определение антител к бледной трепонеме (Treponema pallidum) в нетрепонемных тестах (RPR, РМП) (качественное и полуколичественное исследование) в сыворотке крови;\n2) Определение антител классов M, G (IgM, IgG) к вирусу иммунодефицита человека ВИЧ-1 (Human immunodeficiency virus HIV 1) в крови; Определение антител классов M, G (IgM, IgG) к вирусу иммунодефицита человека ВИЧ-2 (Human immunodeficiency virus HIV 2) в крови;\n3) Определение антигена (HbsAg) вируса гепатита B (Hepatitis B virus) в крови и Определение антигена вируса гепатита C (Hepatitis C virus) в крови.\nУровень убедительности рекомендаций С (уровень достоверности доказательств – 5)\nКомментарии:Обследование наусловно-патогенныеUreaplasmaspp. и/или M. hominis осуществляется при наличии у пациента клинико-лабораторных признаков воспалительного процесса в области урогенитального тракта и репродуктивной системы и/или дисбиотических нарушений вагинальной микробиоты при отсутствии патогенных возбудителей, и жалоб на патологические выделения из урогенитального тракта, дискомфорт при мочеиспускании. При отсутствии клинико-лабораторных признаков воспалительного процесса проведение обследования на Ureaplasmaspp. и/или M. hominis: донорам спермы; пациентам с диагнозом бесплодие; пациентам, имеющим в анамнезе невынашивание беременности и перинатальные потери."
                },
                {
                    "name": "2.4 Инструментальные диагностические исследования",
                    "text": "Не применяется."
                },
                {
                    "name": "2.5 Иные диагностические исследования",
                    "text": "Рекомендована консультация врача-акушера-гинеколога при вовлечении в воспалительный процесс органов малого таза, при ведении беременных и женщин в период лактации с заболеваниями, вызванными M. genitalium[39].\nУровень убедительности рекомендаций С (уровень достоверности доказательств – 5)\nРекомендуется консультация врача-уролога с целью диагностики возможных осложнений со стороны репродуктивной системы [37,64].\nУровень убедительности рекомендаций С(уровень достоверности доказательств – 5)"
                }
            ]
        },
        {
            "name": "3. Лечение",
            "text": "",
            "nested_objects": [
                {
                    "name": "3.1Консервативное лечение",
                    "text": "Цели лечения [12, 58, 59, 60]:\n– эрадикация Mycoplasmagenitalium;\n– клиническое выздоровление;\n– предотвращение развития осложнений;\n– предупреждение инфицирования других лиц\nРекомендовано для лечения неосложненных форм урогенитальных заболеваний, вызванных M. genitalium, с целью эрадикации M. genitalium назначать перорально один из следующих антибактериальных препаратов:\nдоксициклин ** 100 мг 2 раза в сутки течение 10 дней [1, 18, 19, 20, 26, 29-31,56].\nУровень убедительности рекомендаций C(уровень достоверности доказательств 5)\nКомментарии: Препарат противопоказан беременным. В связи с лучшей переносимостью предпочтительным является назначение доксициклина в форме доксициклина моногридрат.\nили\nджозамицин** 500 мг 3 раза в сутки в течение 10 дней [13,14, 21-23, 26, 29, 56].\nУровень убедительности рекомендаций С (уровень достоверности доказательств 5)\nили\nУровень убедительности рекомендаций В (уровень достоверности доказательств 1)\nили\n#моксифлоксацин** внутрь 400 мг 1раз в день в течение 7-10 суток [45,46].\nУровень убедительности рекомендаций А(уровень достоверности доказательств 2)\nКомментарии: Препарат противопоказан беременным.\nили\n#азитромицин** внутрь 500 мг – 1-й день, затем по 250 мг 1р/д в течение 4 суток (общая длительность лечения 5 дней)[45].\nУровень убедительности рекомендаций С(уровень достоверности доказательств 5)\nРекомендовано для лечения осложненных форм урогенитальных заболеваний, вызванных M. genitalium, с целью эрадикации M. genitaliumназначать перорально один из следующих антибактериальных препаратов [45,46]:\nдоксициклин ** 100 мг 2 раза в сутки течение 14-21 дней.\nУровень убедительности рекомендаций С (уровень достоверности доказательств 5)\nКомментарии: Препарат противопоказан беременным. В связи с лучшей переносимостью предпочтительным является назначение доксициклина в форме доксициклина моногридрат.\nили\n#моксифлоксацин** по 400 мг внутрь один раз в день в течение 14 суток для элиминации M. genitalium и разрешения клинических симптомов заболевания.\nУровень убедительности рекомендаций А(уровень достоверности доказательств 2)\nКомментарии: Препарат противопоказан беременным.\nКомментарии: Длительность курса терапии зависит от степени клинических проявлений воспалительных процессов мочеполовых органов, результатов лабораторных и инструментальных исследований, оценки степени риска предстоящих оперативных или инвазивных вмешательств, акушерско-гинекологического анамнеза, у беременных – течения настоящей беременности. В зависимости от вышеперечисленных факторов, а также выраженности ответа на проводимую антибактериальную терапию (клинические показатели, при необходимости – результат промежуточного теста ПЦР в реальном времени), длительность лечения может быть увеличена до 21 дня.\nСистемная энзимотерапия, иммуномодулирующая терапия и терапия местными антисептическими препаратами не проводится.\nПри отсутствии эффекта от лечения необходимо исключение реинфекции и назначение антибактериального препарата другой фармакологической группы.\nРекомендовано для лечения беременных назначать перорально джозамицин** 500 мг 3 раза в сутки в течение 10 дней [27,28,65,68].\nУровень убедительности рекомендаций С(уровень достоверности доказательств 5)\nКомментарии: Лечение беременных осуществляется на любом сроке беременности антибактериальными препаратами с учетом их влияния на плод при участии врачей-акушеров-гинекологов.\nРекомендовано для лечения детей с массой тела менее 45 кг назначать перорально джозамицин** 50 мг на кг массы тела в сутки, разделённые на 2 приема, в течение 10 дней[66,67].\nУровень убедительности рекомендаций С(уровень достоверности доказательств 5)\nКомментарии: Лечение детей с массой тела более 45 кг проводится в соответствии со схемами назначения у взрослых с учетом противопоказаний."
                },
                {
                    "name": "3.2 Хирургическое лечение",
                    "text": "Не применяется."
                },
                {
                    "name": "3.3 Иное лечение",
                    "text": "Диетотерапия не применяется.\nОбезболивание не применяется."
                }
            ]
        },
        {
            "name": "4. Реабилитация",
            "text": "Реабилитация не применяется."
        },
        {
            "name": "5. Профилактика",
            "text": "Профилактика инфекций, вызываемых M.genitalium:\nисключение случайных половых контактов; использование средств барьерной контрацепции; обследование и лечение половых партнеров.\nУстановление излеченности инфекции, вызванной M.genitalium на основании молекулярно-генетических методов не менее чем через месяц после окончания лечения антимикробными препаратами. При отрицательных результатах обследования пациенты дальнейшему наблюдению не подлежат.\nОрганизация оказания медицинской помощи\nЛечение в основном проводится амбулаторно в условиях медицинского учреждения дерматовенерологического профиля. При обращении беременных женщин - в условиях медицинского учреждения акушерско-гинекологического профиля.\nПоказаниями для госпитализации и лечения в стационарных условиях являются осложненное течение (ВЗОМТ среднетяжелой и тяжелой степени, эпидидимит/эпидидимоорхит)."
        },
        {
            "name": "6. Дополнительная информация, влияющая на течение и исход заболевания",
            "text": "На исход лечения влияет соблюдение режима приема препаратов, использование средств барьерной контрацепции, исключение случайных половых контактов, лечение половых партнеров."
        },
        {
            "name": "Критерии оценки качества медицинской помощи",
            "text": "",
            "tables": [
                {
                    "name": "Инфекции, вызываемые M. genitalium",
                    "html": "<table style=\"width: 497.05pt;\" cellspacing=\"0\" cellpadding=\"0\" border=\"1\"><tbody><tr><td style=\"width: 28.75pt;\"><p><strong>№</strong></p></td><td style=\"width: 234.3pt;\"><p><strong>Критерии качества</strong></p></td><td style=\"width: 117.0pt;\"><p><strong>Уровень достоверности доказательств</strong></p></td><td style=\"width: 117.0pt;\"><p><strong>Уровень убедительности доказательств</strong></p></td></tr><tr><td style=\"width: 28.75pt;\"><p>1</p></td><td style=\"width: 234.3pt;\" nowrap><p>Выполнено подтверждение диагноза молекулярно-биологическими методами исследования</p></td><td style=\"width: 117.0pt;\" nowrap><p>4</p></td><td style=\"width: 117.0pt;\"><p>С</p></td></tr><tr><td style=\"width: 28.75pt;\"><p>2</p></td><td style=\"width: 234.3pt;\" nowrap><p>Проведена терапия доксициклином** или джозамицином или моксифлоксацином**</p></td><td style=\"width: 117.0pt;\" nowrap><p>1, 2, 4</p></td><td style=\"width: 117.0pt;\"><p>A, B, C</p></td></tr></tbody></table>",
                    "csv": [
                        "0,1,2,3\r",
                        "№,Критерии качества,Уровень достоверности доказательств,Уровень убедительности доказательств\r",
                        "1,Выполнено подтверждение диагноза молекулярно-биологическими методами исследования,4,С\r",
                        "2,Проведена терапия доксициклином** или джозамицином или моксифлоксацином**,\"1, 2, 4\",\"A, B, C\"\r",
                        ""
                    ]
                }
            ]
        },
        {
            "name": "Список литературы",
            "text": [
                "Sloan B, Scheinfeld N. The use and safety of doxycycline hyclate and other Second generation tetracyclines. Expert opinion on drug safety 2008 Sep; 7(5): 5717. Waites KB, Crabb DM, Duffy LB. Comparative in vitro susceptibilities of human mycoplasmas and ureaplasmas to a new investigational ketolide, CEM-101. Antimicrobial agents and chemotherapy 2009 May; 53(5): 2139-41. Guangyong Ye, Zhou Jiang, Min Wang, Jiamin Huang, Guochen Jin. The Resistance Analysis of Ureaplasma urealyticum and Mycoplasma hominis in Female Reproductive Tract Specimens Shiming Lu Cell Biochem Biophys DOI 10.1007/s12013-013-9691-8. Zhou Jiang, Min Wang, Jiamin Huang, Guochen Jin, Shiming Lu. Detection and the antibiotic susceptibility analysis of mycoplasma and chlamydia in urogenital tract infections of 327 cases patients with tubal infertility. Zhonghua Shi Yan He Lin Chuang Bing Du Xue Za Zhi. 2011 Jun; 25(3): 201-4. Sonia Caracciolo, Carlo Bonfanti, Nino Manca, Maria Antonia De Francesco. Incidence and antibiotic susceptibility of Mycoplasma hominis and Ureaplasma urealyticum isolated in Brescia, Italy, over 7 years. J Infect Chemother DOI 10.1007/s10156-012-0527-z. Lysenko O.V., Kuznechenkova T.V., Iglikov V.A., Deryabina V.P. Prevalence of urogenital inflammatory diseases associated with genital mycoplasmas. treatment efficacy. Vest Dermatol Venerol 2010; 83-88. Leli C, Mencacci A, Bombaci JC, D\"Alo F, Farinelli S, Vitali M, et al. Prevalence and antimicrobial susceptibility of Ureaplasma urealyticum and Mycoplasma hominis in a population of Italian and immigrant outpatients. Infez Med 2012; 20: 82-87. Zhu C, Liu J, Ling Y, Dong C, Wu T, Yu X, et al. Prevalence and antimicrobial susceptibility of Ureaplasma urealyticum and Mycoplasma hominis in Chinese women with genital infectious diseases. Indian J Dermatol Venereol Leprol 2012; 78: 406-407. Farkas B, Ostorhazi E, Ponyai K, Toth B, Adlan E, Parducz L, et al. [Frequency and antibiotic resistance of Ureaplasma urealyticum and Mycoplasma hominis in genital samples of sexually active individuals]. Orv Hetil 2011; 152: 1698-1702. Krausse R, Schubert S. In-vitro activities of tetracyclines, macrolides, fluoroquinolones and clindamycin against Mycoplasma hominis and Ureaplasma ssp. isolated in Germany over 20 years. Clin Microbiol Infect 2010; 16: 1649-1655. Kilic D, Basar MM, Kaygusuz S, Yilmaz E, Basar H, Batislam E. Prevalence and treatment of Chlamydia trachomatis, Ureaplasma urealyticum, and Mycoplasma hominis in patients with non-gonococcal urethritis. Jpn J Infect Dis 2004, 57: 17-20. Ruairi Conway, Seamus Cook, Suneeta Soni. Antibiotic treatment of Mycoplasma genitalium infection. The Pharmaceutical Journal. 2019. Vol 303, No 7928, online | DOI: 10.1211/PJ.2019.20206592 Кубанова А.А., Рахматулина М.Р. Урогенитальные инфекционные заболевания, вызванные генитальными микоплазмами. Клинические рекомендации. Вестник дерматологии и венерологии. 2009. - №3. – С.78-84. Рахматулина М. Р. Урогенитальные заболевания, вызванные генитальными микоплазмами (Mycoplasma genitalium, Ureaplasma spp., Mycoplasma hominis) Consilium medicum, 2012; №2: С.22-25. Eunha Koh, Sunjoo Kim, In-Suk Kim, Kook-Young Maeng, Soon-Ae Lee Antimicrobial Susceptibilities of Ureaplasma urealyticum and Mycoplasma hominis in Pregnant Women Korean J Clin Microbiol, 2009; Vol. 12, No. 4. Seong Jin Choi, M.D., Soon Deok Park, M.S., In Ho Jang, M.S., Young Uh, M.D., Anna Lee, M.D The Prevalence of Vaginal Microorganisms in Pregnant Women with Preterm Labor and Preterm Birth Ann Lab Med, 2012 May; 32(3): 194–200. Mehmet Reﬁk Bayraktar, Ibrahim Halil Ozerol, Nilay Gucluer, Onder Celik. Prevalence and antibiotic susceptibility of Mycoplasma hominis and Ureaplasma urealyticum in pregnant women International Journal of Infectious Diseases, 2010; 14: 90—95. Mroczkowsky TF, Mena L, Nsuami M, Martin DH. A randomized comparisonof azithromycin and doxycycline for the treatment of Mycoplasma genitalium (MG) positive urethritis. 16th Biennial Meeting of the International Society of Sexually Transmitted Disease (ISSTDR), Amsterdam, The Netherlands 2005;304-305. Wikstrom A, Jensen JS. Mycoplasma genitalium: a common cause of persistent urethritis among men treated with doxycycline. Sex Transm Infect 2006; 82(4):276-279. Mena LA, Mroczkowski TF, Nsuami M, et al. A randomized comparison of azithromycin and doxycycline for the treatment of Mycoplasma genitalium-positive urethritis in men. Clin Infect Dis 2009;48:1649–54. 4 Guschin A, Ryzhikh P, Rumyantseva T, Gomberg M, Unemo M. Treatment efficacy, treatment failures and selection of macrolide resistance in patients with high load of Mycoplasma genitalium during treatment of male urethritis with josamycin. BMC Infect Dis. 2015 Feb 3; 15:40. Andreeva IV, Kozlov SN, Korolev SV, Belikov AN, Grinev AV, Evstaf\"ev VV, Kirpicheva NN, Serdiutskaia MV, Stetsiuk OU, Fokin AA, Khrianin AA. Diagnostic and treatment patterns in management of male patients with nongonococcal urethritis: results of Russian multicentral cross-sectional study. Antibiot Khimioter. 2012;57(5-6):32-40. Guo X., Ye Z., Deng R. Male urogenital tract mycoplasma infection and drug-resistance evolution. Josamycin - das bessere Makrolid? Zhonghua Nan Ke Xue 10(2) (2004) 122-124. Jernberg E, Moghaddam A, Moi H. Azithromycin and moxifloxacin for Microbiological cure of Mycoplasma genitalium infection: an open study. International journal of STD & AIDS 2008 Oct;19(10):676-9. Ross JD, Cronje HS, Paszkowski T, et al. Moxifloxacin versus ofloxacin plus metronidazole in uncomplicated pelvic inflammatory disease: results of a multicentre, double blind, randomised trial. Sex Transm Infect 2006;82:446–51. MMWR Recommendations and Reports / Vol. 64 / No. 3 June 5, 2015/. Sexually Transmitted Diseases Treatment Guidelines, 2015. Czeizel AE, Rockenbauer M, Olsen J, Sørensen HT. A case-control teratological study of spiramycin, roxithromycin, oleandomycin and josamycin. Acta Obstet Gynecol Scand. 2000 Mar;79(3):234-7. Юрьев С, Аббасова ВИ, Девятьярова ЛЛ, Гущин АЕ. К вопросу о специфичности влияния Mycoplasma genitalium на течение беременности. Гинекология 2009; №4: 20-3 Рахматулина М.Р., Касаткина И.С. Современные представления о роли генитальных микоплазм в развитии патологических процессов урогенитальной системы, методах их диагностики и лечения у детей. Вестник дерматологии и венерологии. – 2011. – №1 – С. 15-23. Charlotte A GaydosJ Infect Dis. Mycoplasma genitalium: Accurate Diagnosis Is Necessary for Adequate Treatment 2017 Jul 15; 216(Suppl 2): S406–S411. doi: 10.1093/infdis/jix104 Coorevits, L.; Traen, A. Bingé, L. et al. Identifying a consensus sample type to test for Chlamydia trachomatis, Neisseria gonorrhoeae, Mycoplasma genitalium, Trichomonas vaginalism and human papillomavirus.Clin Microbiol Infect. 2018 Mar 17.pii: S1198-743X(18)30223-4. DOI: 10.1016/j.cmi.2018.03.013. Zhonghua Liu, Jun Wang, Changtai Zhu Clinical Practice Guidelines for the Diagnosis and Treatment of Ureaplasma Urealyticum Infections are NeededAustin Clin Microbiol. 2016; 1(1): 1001. Couldwell DL, Gidding HF, Freedman EV, et al. Ureaplasma urealyticum is significantly associated with non-gonococcal urethritis in heterosexual Sydney men. Int J STD AIDS 2010; 21:337. Deguchi T, Shimada Y, Horie K, et al. Bacterial loads of Ureaplasma parvum contribute to the development of inflammatory responses in the male urethra. Int J STD AIDS 2015; 26:1035. Murtha AP, Edwards JM. The role of Mycoplasma and Ureaplasma in adverse pregnancy outcomes. Obstet Gynecol Clin North Am 2014; 41:615. Sleha R, Boštíková V, Hampl R, et al. Prevalence of Mycoplasma hominis and Ureaplasma urealyticum in women undergoing an initial infertility evaluation. Epidemiol Mikrobiol Imunol Fall; 65:232. Wei-Na Li , Wen-Bing Zhu , Gang Liu [Correlation of Mycoplasma genitalium infection with male infertility] [Article in Chinese]. Zhonghua Nan Ke Xue; 2018 Nov;24(11):999-1004. Vouga M, Greub G, Prod\"hom G, et al. Treatment of genital mycoplasma in colonized pregnant women in late pregnancy is associated with a lower rate of premature labour and neonatal complications. Clin Microbiol Infect 2014; 20:1074. Sunil Sethi, Kamran Zaman, and Neha JainMycoplasma genitalium infections: current treatment options and resistance issues Infect Drug Resist. 2017; 10: 283–292. Mahlangu MP, Müller EE, Venter JME et al. The Prevalence of Mycoplasma genitalium and Association With Human Immunodeficiency Virus Infection in Symptomatic Patients, Johannesburg, South Africa, 2007-2014. Sex Transm Dis. 2019 Jun;46(6):395-399. doi: 10.1097/OLQ.0000000000000984. Chra P, Papaparaskevas J, Papadogeorgaki E Prevalence of Mycoplasma genitalium and other sexually-transmitted pathogens among high-risk individuals in Greece. Germs. 2018 Mar 1;8(1):12-20. doi: 10.18683/germs.2018.1128. eCollection 2018 Mar. Инфекции, передаваемые половым путем. Кисина В.И., Гущин А.Е., Забиров К.И. М., ГЭОТАР-Медиа, 2020 г. с 144 Инфекции, передаваемые половым путем. Руководство для врачей. Соколовский Е.В., Савичева А.М., Домейка М. Москва, Медпресс-информ, 2006. 2015 Sexually Transmitted Diseases Treatment Guidelines. Centers for diseases control and pre-vention. MMWR Vol 64/№3, June 5, 2015 62-Jensen JS, Cusini M, Gomberg M, Moi H. 2016 European guideline on Mycoplasma genitalium infections. J EurAcadDermatolVenereol. 2016; 30: 1650–1656. https://doi.org/10.1111/jdv.13849 63-Li Y, Le W-J, Li S, et al. Meta-analysis of the efﬁcacy of moxiﬂoxacin in treating Mycoplasma genitalium infection. Int J STD AIDS 2017; 28: 1106–1114. Lis R, Rowhani-Rahbar A, Manhart LE. Mycoplasma genitalium infection and female reproductive tract disease: A meta-analysis. Clin Infect Dis. 2015 Apr; 61: 418–426. https://doi.org/10.1093/cid/civ312 Chrisment D, Machelart I, Wirth G Reactive arthritis associated with Mycoplasma genitalium urethritis. Diagn Microbiol Infect Dis. 2013 Nov;77(3):278-9. doi: 10.1016/j.diagmicrobio.2013.07.015. Epub 2013 Sep 10. Johnson S, Pitcher D. Distribution of ecto 5\"-nucleotidase on Mycoplasma species associated with arthritis. FEMSMicrobiolLett. 2000 Nov 1;192(1):59-65. Henry C.H., Hughes C.V., Gérard H.C., Hudson A.P., Wolford L.M. Reactive arthritis: preliminary microbiologic analysis of human temporomandibular joint. J. Oral Maxillofac. Surg. 2000. Vol. 58, № 10. P. 1137-1142.https://doi.org/10.1053/joms.2000.9575 Doble A., et al. A search for infectious agents in chronic abacterial prostatitis using ultrasound guided biopsy. Br. J. Urol. 1989. 64:297–301.https://doi.org/10.1111/j.1464-410x.1989.tb06017.x Krieger J. N., Riley D. E., Roberts M. C., Berger R. E. Prokaryotic DNA sequences in patients with chronic idiopathic prostatitis. J. Clin. Microbiol. 1996. 34:3120–3128.https://doi.org/10.1016/b978-0-08-025494-4.50020-6 Mandar R., Raukas E., Turk S., Korrovits P., Punab M. Mycoplasmas in semen of chronic prostatitis patients. Scand. J. Urol. Nephrol. 2005. 39:479–482. https://doi.org/10.1080/00365590500199822 Datta S, Mercer CH, Keeling MJ. et al. Capturing sexual contact patterns in modelling the spread of sexually transmitted infections: Evidence using Natsal-3. PLoS One. 2018 Nov 1;13(11):e0206501. doi: 10.1371/journal.pone.0206501. eCollection 2018. Mathews C, Kalichman MO, Laubscher R et al. Sexual relationships, intimate partner violence and STI partner notification in Cape Town, South Africa: an observational study. Sex Transm Infect. 2018 Mar;94(2):144-150. doi: 10.1136/sextrans-2017-053434. Epub 2017 Nov 30. Савичева А.М., Прилепская М.В., Соколовский Е.В., Кисина В.И., Гущин А.Е., Забиров К.И. Роль микоплазм в урогенитальной патологии женщин и их половых партнеров. Журнал акушерства и женских болезней. Том LVII, выпуск 1 (2008). с. 11-22. Рахматулина М.Р. Тактика диагностики и терапии урогенитальной микоплазменной инфекции согласно Федеральным клиническим рекомендациям. Фарматека 2016. №3. с. 33-38. Г.И. Мавров, Т.В. Федорович. Урогенитальный микоплазмоз: непростой выбор антибактериальной терапии (обзор литературы и собственные исследование). Украинский журнал дерматологии, венерологии и косметологии. 2016. 1 (60) . Lars Falk, Martin Enger, Jørgen Skov Jensen. Time to eradication of Mycoplasma genitalium after antibiotic treatment in men and women.Journal of Antimicrobial Chemotherapy, Volume 70, Issue 11, November 2015, Pages 3134– 3140, https://doi.org/10.1093/jac/dkv246 В.И. Кисина. Генитальные микоплазмы: клинические и организационные вопросы. Дерматология №2. 2010. Приложение consilium medicum. с 42-47. Anagrius C., Lore B., Jensen J. S. Mycoplasma genitalium: prevalence, clinical significance, and transmission //Sexually transmitted infections. – 2005. – Т. 81. – №. 6. – С. 458-462. Wroblewski J. K. H. et al. Comparison of transcription-mediated amplification and PCR assay results for various genital specimen types for detection of Mycoplasma genitalium //Journal of clinical microbiology. – 2006. – Т. 44. – №. 9. – С. 3306-3312. Carlsen K. H., Jensen J. S. Mycoplasma genitalium PCR: does freezing of specimens affect sensitivity? //Journal of Clinical Microbiology. – 2010. – Т. 48. – №. 10. – С. 3624-3627. GM Daley, DB Russell, SN Tabrizi. Mycoplasmagenitalium: areview// IntJSTDAIDS. 2014 Jun;25(7):475-87. doi: 10.1177/0956462413515196. Васильев ММ, Наволоцкая ТИ, Смирнова АА, Фриго НВ, Ротанов СВ, Сидорович СЮ.Применение джозамицина (вильпрафена) у женщин с хламидийной инфекцией нижних и верхних отделов мочеполового тракта. Вестник дерматологии и венерологии 2005; (3):78-80. И.О. МаловаТ.Г. Храмова Эффективность джозамицина у девочек с урогенитальной инфекцией, вызванной Мycoplasma genitalium\"Эффективная фармакотерапия. Акушерство и Гинекология\" №4. 2007. Рахматулина М.Р. Урогенитальные заболевания, вызванные генитальными микоплазмами. CONSILIUM MEDICUM. 2012. - № 2. Репринт. С. 2 -6. В. Н. Кузьмин, М. И. ГусейнзадеЭффективная антибактериальная терапия микоплазменной инфекции у женщин репродуктивного возраста. Лучащий врач. - 2014. - №3"
            ]
        },
        {
            "name": "Приложение А1. Состав рабочей группы",
            "text": "Кубанов Алексей Алексеевич – член-корреспондент РАН, доктор медицинских наук, профессор, Президент Российского общества дерматовенерологов и косметологов. Серов Владимир Николаевич– академик РАН, доктор медицинских наук, профессор, президент Российского общества акушеров-гинекологов. Аполихина Инна Анатольевна – доктор медицинских наук, профессор, заведующий отделением эстетической гинекологии и реабилитации ФГБУ «Национальный медицинский исследовательский центр акушерства, гинекологии и перинатологии им. ак. В.И. Кулакова», член Российского общества акушеров-гинекологов. Богданова Елена Витальевна – старший научный сотрудник научно-организационного отдела ФГБУ «ГНЦДК» Минздрава России, член Российского общества дерматовенерологов и косметологов. Гомберг Михаил Александрович – главный научный сотрудник МНПЦДК, профессор,доктор медицинских наук, президент некоммерческого партнёрства Гильдия специалистов по инфекциям, передаваемым половым путем «ЮСТИ РУ», член Национального Альянса дерматологов и косметологов, Международного союза по борьбе с ИППП (IUSTI). Гущин Александр Евгеньевич – кандидат биологических наук, член Союза «Национальный альянс дерматовенерологов и косметологов», член комитета по микробиологии Федерации лабораторной медицины, член Европейского союза по борьбе с ИППП (IUSTI/ВОЗ), член Гильдии специалистов по инфекциям, передаваемым половым путем «ЮСТИ РУ». Долгушина Наталия Витальевна – доктор медицинских наук, профессор, заместитель директора – руководитель департамента организации научной деятельности ФГБУ «НМИЦ АГП им. В.И. Кулакова» Минздрава России, член Российского общества акушеров-гинекологов. Доля Ольга Валентиновна – доктор медицинских наук, главный научный сотрудник ГБУЗ «МНПЦДК» Департамента здравоохранения г. Москвы, член Союза «Национальный альянс дерматовенерологов и косметологов». Катунин Георгий Леонидович – кандидат медицинских наук, врач дерматовенеролог ФГБУ «ГНЦДК» Минздрава России, член Российского общества дерматовенерологов и косметологов. Кисина Вера Ивановна – доктор медицинских наук, профессор, член Союза «Национальный альянс дерматовенерологов и косметологов», член Европейского союза по борьбе с ИППП (IUSTI/ВОЗ), член Гильдии специалистов по инфекциям, передаваемым половым путем «ЮСТИ РУ». Ковалык Владимир Павлович– кандидат медицинских наук, доцент, член Союза «Национальный альянс дерматовенерологов и косметологов», член Европейского союза по борьбе с ИППП (IUSTI), член Гильдии специалистов по инфекциям, передаваемым половым путем «ЮСТИ РУ». Короткова Наталья Александровна – доктор медицинских наук, врач научно-поликлинического отделения ФГБУ «НМИЦ АГП им. В.И. Кулакова» Минздрава России, член Российского общества акушеров-гинекологов. Любасовская Людмила Анатольевна– кандидат медицинских наук, заведующая отделением клинической фармакологии антимикробных и иммунобиологических препаратов института микробиологии, антимикробной терапии и эпидемиологии ФГБУ «НМИЦ АГП им. В.И. Кулакова» Минздрава России, член Российского общества акушеров-гинекологов. Малова Ирина Олеговна – доктор медицинских наук, профессор, заведующий кафедрой дерматовенерологии Иркутского ГМУ, член Российского общества дерматовенерологов и косметологов. Межевитинова Елена Анатольевна – доктор медицинских наук, ведущий научный сотрудник научно-поликлинического отделения ФГБУ «НМИЦ АГП им. В.И. Кулакова» Минздрава России, член Российского общества акушеров-гинекологов. Нечаева Ирина Анатольевна – кандидат медицинских наук, врач дерматовенеролог ФГБУ «ГНЦДК» Минздрава России, член Российского общества дерматовенерологов и косметологов. Онипченко Виктория Викторовна - главный врач ГБУЗ НСО \"Новосибирский Областной Клинический Кожно-Венерологический Диспансер\", главный специалист по дерматовенерологии и косметологии Новосибирской области, член Российского общества дерматовенерологов и косметологов. Плахова Ксения Ильинична – доктор медицинских наук, ученый секретарь, и.о. заведующего отделом ИППП ФГБУ «ГНЦДК» Минздрава России, член Российского общества дерматовенерологов и косметологов. Потекаев Николай Николаевич – доктор медицинских наук, профессор, директор ГБУЗ «МНПЦДК» Департамента здравоохранения г. Москвы,главный внештатный специалист по дерматовенерологии и косметологии Минздрава РФ, главный специалист по дерматовенерологии и косметологии Департамента здравоохранения Москвы, заведующий кафедрой кожных болезней и косметологии ФДПО «РНИМУ им. Н.И. Пирогова Минздрава России», президент Национального альянса дерматологов и косметологов России. Прилепская Вера Николаевна – доктор медицинских наук, профессор, заслуженный деятель науки РФ, заместитель директора по научной работе, руководитель научно-поликлинического отделения ФГБУ «НМИЦ АГП им. В.И. Кулакова» Минздрава России, член Российского общества акушеров-гинекологов. Припутневич Татьяна Валерьевна– доктор медицинских наук, директор института микробиологии, антимикробной терапии и эпидемиологии ФГБУ «НМИЦ АГП им. В.И. Кулакова» Минздрава России, член Российского общества акушеров-гинекологов. Рахматулина Маргарита Рафиковна –доктор медицинских наук, профессор кафедры дерматовенерологии и косметологии с курсом клинической лабораторной диагностики МБУ ИНО ФГБУ ГНЦ ФМБЦ им. А.И. Бурназяна ФМБА России, член Российского общества дерматовенерологов и косметологов. Соломка Виктория Сергеевна – доктор биологических наук, заместитель директора по научной работе ФГБУ «ГНЦДК» Минздрава России, член Российского общества дерматовенерологов и косметологов. Сысоева Татьяна Александровна – кандидат медицинских наук, доцент кафедры дерматовенерологии и косметологии РМАПО, член Российского общества дерматовенерологов и косметологов. Фатеева Екатерина Владимировна – младший научный сотрудник отдела ИППП ФГБУ «ГНЦДК» Минздрава России, член Российского общества дерматовенерологов и косметологов. Фриго Наталия Владиславовна – доктор медицинских наук, член Союза «Национальный альянс дерматовенерологов и косметологов», член Европейского союза по борьбе с ИППП (IUSTI/ВОЗ), член Гильдии специалистов по инфекциям, передаваемым половым путем «ЮСТИ РУ». Хрянин Алексей Алексеевич– доктор медицинских наук,профессор кафедры дерматовенерологии и косметологии ФГБОУ ВО «НГМУ» Минздрава России, член Российского общества дерматовенерологов и косметологов. Чеботарев Вячеслав Владимирович –доктор медицинских наук, профессор, заведующий кафедрой дерматологии и косметологии с курсом ДПО «Ставропольского государственного медицинского университета» член Российского общества дерматовенерологов и косметологов. Чикин Вадим Викторович – доктор медицинских наук, старший научный сотрудник отдела дерматологии ФГБУ «ГНЦДК» Минздрава России, член Российского общества дерматовенерологов и косметологов.\nКонфликт интересов: Авторы заявляют об отсутствии конфликта интересов."
        },
        {
            "name": "Приложение А2. Методология разработки клинических рекомендаций",
            "text": "Целевая аудитория данных клинических рекомендаций:\nВрачи-специалисты: дерматовенерологи, акушеры-гинекологи, урологи, педиатры; Ординаторы и слушатели циклов повышения квалификации по указанным специальностям.\nПорядок обновления клинических рекомендаций.\nМеханизм обновления клинических рекомендаций предусматривает их систематическую актуализацию – не реже чем один раз в три года, а также при появлении новых данных с позиции доказательной медицины по вопросам диагностики, лечения, профилактики и реабилитации конкретных заболеваний, наличии обоснованных дополнений/замечаний к ранее утверждённым клиническим рекомендациям, но не чаще 1 раза в 6 месяцев.",
            "tables": [
                {
                    "name": "Таблица 1.Шкала оценки уровней достоверности доказательств (УДД)для методов диагностики (диагностических вмешательств)",
                    "html": "<table style=\"width: 100.0%;\" cellspacing=\"0\" cellpadding=\"0\" border=\"1\"><tbody><tr style=\"height: 2.9pt;\"><td style=\"width: 8.54%;\" valign=\"top\"><p><strong>УДД</strong></p></td><td style=\"width: 91.46%;\" valign=\"top\"><p><strong>Расшифровка</strong></p></td></tr><tr><td style=\"width: 8.54%;\" valign=\"top\"><p>1</p></td><td style=\"width: 91.46%;\" valign=\"top\"><p>Систематические обзоры исследований с контролем референсным методом или систематический обзор рандомизированных клинических исследований с применением мета-анализа</p></td></tr><tr><td style=\"width: 8.54%;\" valign=\"top\"><p>2</p></td><td style=\"width: 91.46%;\" valign=\"top\"><p>Отдельные исследования с контролем референсным методом или отдельные рандомизированные клинические исследования и систематические обзоры исследований любого дизайна, за исключением рандомизированных клинических исследований, с применением мета-анализа</p></td></tr><tr><td style=\"width: 8.54%;\" valign=\"top\"><p>3</p></td><td style=\"width: 91.46%;\" valign=\"top\"><p>Исследования без последовательного контроля референсным методом или исследования с референсным методом, не являющимся независимым от исследуемого метода или нерандомизированные сравнительные исследования, в том числе когортные исследования</p></td></tr><tr><td style=\"width: 8.54%;\" valign=\"top\"><p>4</p></td><td style=\"width: 91.46%;\" valign=\"top\"><p>Несравнительные исследования, описание клинического случая</p></td></tr><tr><td style=\"width: 8.54%;\" valign=\"top\"><p>5</p></td><td style=\"width: 91.46%;\" valign=\"top\"><p>Имеется лишь обоснование механизма действия или мнение экспертов</p></td></tr></tbody></table>",
                    "csv": [
                        "0,1\r",
                        "УДД,Расшифровка\r",
                        "1,Систематические обзоры исследований с контролем референсным методом или систематический обзор рандомизированных клинических исследований с применением мета-анализа\r",
                        "2,\"Отдельные исследования с контролем референсным методом или отдельные рандомизированные клинические исследования и систематические обзоры исследований любого дизайна, за исключением рандомизированных клинических исследований, с применением мета-анализа\"\r",
                        "3,\"Исследования без последовательного контроля референсным методом или исследования с референсным методом, не являющимся независимым от исследуемого метода или нерандомизированные сравнительные исследования, в том числе когортные исследования\"\r",
                        "4,\"Несравнительные исследования, описание клинического случая\"\r",
                        "5,Имеется лишь обоснование механизма действия или мнение экспертов\r",
                        ""
                    ]
                },
                {
                    "name": "Таблица 2.Шкала оценки уровней достоверности доказательств (УДД)для методов профилактики, лечения и реабилитации (профилактических, лечебных, реабилитационных вмешательств)",
                    "html": "<table style=\"width: 101.48%;\" cellspacing=\"0\" cellpadding=\"0\" border=\"1\"><tbody><tr><td style=\"width: 7.2%;\" valign=\"top\"><p><strong>УДД</strong></p></td><td style=\"width: 92.8%;\" valign=\"top\"><p><strong> Расшифровка</strong></p></td></tr><tr><td style=\"width: 7.2%;\" valign=\"top\"><p>1</p></td><td style=\"width: 92.8%;\" valign=\"top\"><p>Систематический обзор РКИ с применением мета-анализа</p></td></tr><tr><td style=\"width: 7.2%;\" valign=\"top\"><p>2</p></td><td style=\"width: 92.8%;\" valign=\"top\"><p>Отдельные РКИ и систематические обзоры исследований любого дизайна, за исключением РКИ, с применением мета-анализа</p></td></tr><tr><td style=\"width: 7.2%;\" valign=\"top\"><p>3</p></td><td style=\"width: 92.8%;\" valign=\"top\"><p>Нерандомизированные сравнительные исследования, в т.ч. когортные исследования</p></td></tr><tr><td style=\"width: 7.2%;\" valign=\"top\"><p>4</p></td><td style=\"width: 92.8%;\" valign=\"top\"><p>Несравнительные исследования, описание клинического случая или серии случаев, исследования «случай-контроль»</p></td></tr><tr><td style=\"width: 7.2%;\" valign=\"top\"><p>5</p></td><td style=\"width: 92.8%;\" valign=\"top\"><p>Имеется лишь обоснование механизма действия вмешательства (доклинические исследования) или мнение экспертов</p></td></tr></tbody></table>",
                    "csv": [
                        "0,1\r",
                        "УДД,Расшифровка\r",
                        "1,Систематический обзор РКИ с применением мета-анализа\r",
                        "2,\"Отдельные РКИ и систематические обзоры исследований любого дизайна, за исключением РКИ, с применением мета-анализа\"\r",
                        "3,\"Нерандомизированные сравнительные исследования, в т.ч. когортные исследования\"\r",
                        "4,\"Несравнительные исследования, описание клинического случая или серии случаев, исследования «случай-контроль»\"\r",
                        "5,Имеется лишь обоснование механизма действия вмешательства (доклинические исследования) или мнение экспертов\r",
                        ""
                    ]
                },
                {
                    "name": "Таблица 3.Шкала оценки уровней убедительности рекомендаций(УУР) для методов профилактики, диагностики, лечения и реабилитации (профилактических, диагностических, лечебных, реабилитационных вмешательств)",
                    "html": "<table style=\"width: 100.0%;\" cellspacing=\"0\" cellpadding=\"0\" border=\"1\"><tbody><tr><td style=\"width: 14.24%;\" valign=\"top\"><p><strong>УУР</strong></p></td><td style=\"width: 85.76%;\" valign=\"top\"><p><strong>Расшифровка</strong></p></td></tr><tr style=\"height: 53.0pt;\"><td style=\"width: 14.24%;\" valign=\"top\"><p>A</p></td><td style=\"width: 85.76%;\" valign=\"top\"><p>Сильная рекомендация (все рассматриваемые критерии эффективности (исходы) являются важными, все исследования имеют высокое или удовлетворительное методологическое качество, их выводы по интересующим исходам являются согласованными)</p></td></tr><tr style=\"height: 27.9pt;\"><td style=\"width: 14.24%;\" valign=\"top\"><p>B</p></td><td style=\"width: 85.76%;\" valign=\"top\"><p>Условная рекомендация (не все рассматриваемые критерии эффективности (исходы) являются важными, не все исследования имеют высокое или удовлетворительное методологическое качество и/или их выводы по интересующим исходам не являются согласованными)</p></td></tr><tr style=\"height: 39.9pt;\"><td style=\"width: 14.24%;\" valign=\"top\"><p>C</p></td><td style=\"width: 85.76%;\" valign=\"top\"><p>Слабая рекомендация (отсутствие доказательств надлежащего качества (все рассматриваемые критерии эффективности (исходы) являются неважными, все исследования имеют низкое методологическое качество и их выводы по интересующим исходам не являются согласованными)</p></td></tr></tbody></table>",
                    "csv": [
                        "0,1\r",
                        "УУР,Расшифровка\r",
                        "A,\"Сильная рекомендация (все рассматриваемые критерии эффективности (исходы) являются важными, все исследования имеют высокое или удовлетворительное методологическое качество, их выводы по интересующим исходам являются согласованными)\"\r",
                        "B,\"Условная рекомендация (не все рассматриваемые критерии эффективности (исходы) являются важными, не все исследования имеют высокое или удовлетворительное методологическое качество и/или их выводы по интересующим исходам не являются согласованными)\"\r",
                        "C,\"Слабая рекомендация (отсутствие доказательств надлежащего качества (все рассматриваемые критерии эффективности (исходы) являются неважными, все исследования имеют низкое методологическое качество и их выводы по интересующим исходам не являются согласованными)\"\r",
                        ""
                    ]
                }
            ]
        },
        {
            "name": "Приложение А3. Связанные документы",
            "text": "Данные клинические рекомендации разработаны с учётом следующих нормативно-правовых документов:\nПорядок оказания медицинской помощи по профилю «дерматовенерология», утвержденный Приказом Министерства здравоохранения Российской Федерации № 924н от 15 ноября 2012 г. Приказ Министерства здравоохранения РФ от 1 ноября 2012 г. N 572н \"Об утверждении Порядка оказания медицинской помощи по профилю \"акушерство и гинекология (за исключением использования вспомогательных репродуктивных технологий)\"."
        },
        {
            "name": "Приложение Б. Алгоритмы ведения пациента",
            "text": "Блок-схема 1. Алгоритм ведения пациента с инфекциями, вызываемыми M.genitalium\n"
        },
        {
            "name": "Приложение В. Информация для пациентов",
            "text": "В период лечения и диспансерного наблюдения необходимо воздержаться от половых контактов или использовать барьерные методы контрацепции до установления излеченности. С целью установления излеченности необходима повторная явка к врачу для обследования (не ранее, чем через месяц после окончания лечения). С целью предупреждения повторного инфицирования M. genitalium необходимо обследование и лечение половых партнеров. Рекомендуется обследование на другие инфекции, передаваемые половым путем. При неустановленном источнике инфицирования рекомендуется серологическое исследование на сифилис через 3 месяца, на ВИЧ, гепатиты В и С - через 3-6-9 месяцев."
        },
        {
            "name": "Приложение Г.",
            "text": ""
        }
    ]
}